ligand_id	search_term	nct_id	phase	status	indication	sponsor	results_available	matched_intervention
CHEMBL38	TRETINOIN	NCT02339740	PHASE3	ACTIVE_NOT_RECRUITING	Acute Promyelocytic Leukemia With t(15;17)(q24.1;q21.2); PML-RARA	Children's Oncology Group	True	Tretinoin
CHEMBL38	TRETINOIN	NCT04080869	PHASE2	COMPLETED	Facial Acne Vulgaris	Assiut University	False	Tretinoin
CHEMBL38	TRETINOIN	NCT01985477	PHASE1	TERMINATED	Myeloma	M.D. Anderson Cancer Center	False	Tretinoin (Oral)
CHEMBL38	TRETINOIN	NCT00975312	PHASE2	COMPLETED	Lentigo	Pontificia Universidad Catolica de Chile	False	Tretinoin 0.05%
CHEMBL38	TRETINOIN	NCT01161550	PHASE1	COMPLETED	Leukemia, Myeloid, Acute	Washington University School of Medicine	False	Tretinoin
CHEMBL38	TRETINOIN	NCT01349556	NA	WITHDRAWN	Medication Reaction	Johns Hopkins University	False	Tretinoin
CHEMBL38	TRETINOIN	NCT00907257	PHASE4	COMPLETED	Acne Vulgaris	Bausch Health Americas, Inc.	True	Tretinoin gel
CHEMBL38	TRETINOIN	NCT04303169	PHASE1; PHASE2	COMPLETED	Melanoma	Merck Sharp & Dohme LLC	True	Tretinoin
CHEMBL38	TRETINOIN	NCT01820624	PHASE1	COMPLETED	Adult Acute Megakaryoblastic Leukemia (M7); Adult Acute Monoblastic Leukemia (M5a); Adult Acute Monocytic Leukemia (M5b); Adult Acute Myeloblastic Leukemia With Maturation (M2); Adult Acute Myeloblastic Leukemia Without Maturation (M1); Adult Acute Myeloid Leukemia With 11q23 (MLL) Abnormalities; Adult Acute Myeloid Leukemia With Del(5q); Adult Acute Myeloid Leukemia With Inv(16)(p13;q22); Adult Acute Myeloid Leukemia With t(16;16)(p13;q22); Adult Acute Myeloid Leukemia With t(8;21)(q22;q22); Adult Acute Myelomonocytic Leukemia (M4); Adult Erythroleukemia (M6a); Adult Pure Erythroid Leukemia (M6b); Recurrent Adult Acute Myeloid Leukemia	Paolo Caimi, MD	False	tretinoin
CHEMBL38	TRETINOIN	NCT01243450	PHASE3	COMPLETED	Acne	Spear Pharmaceuticals	True	Tretinoin
CHEMBL38	TRETINOIN	NCT07586826	PHASE2	RECRUITING	Persistent Isolated Chemotherapy-Induced Thrombocytopenia; Chemotherapy-Induced Thrombocytopenia; Gynecologic Cancers; Ovarian Cancer; Breast Cancer; Lung Cancer; Non-Small Cell Lung Cancer; Cervical Cancer; Fallopian Tube Cancer; Primary Peritoneal Cancer	Peking University People's Hospital	False	Tretinoin
CHEMBL38	TRETINOIN	NCT01404949	PHASE2	COMPLETED	Acute Promyelocytic Leukemia	Memorial Sloan Kettering Cancer Center	True	Tretinoin and Arsenic Trioxide
CHEMBL38	TRETINOIN	NCT06528769	PHASE2	RECRUITING	Leiomyosarcoma; Sarcoma	Gabriel Tinoco	False	tretinoin
CHEMBL38	TRETINOIN	NCT00621218	PHASE2	COMPLETED	Rosacea	Coria Laboratories, Ltd.	False	tretinoin gel 0.05%
CHEMBL38	TRETINOIN	NCT03427554	EARLY_PHASE1	COMPLETED	Acne Vulgaris	Sun Pharmaceutical Industries, Inc.	False	Tretinoin cream 0.1%
CHEMBL38	TRETINOIN	NCT00002658	PHASE3	UNKNOWN	Leukemia; Neutropenia	Medical Research Council	False	tretinoin
CHEMBL38	TRETINOIN	NCT00919555	PHASE1; PHASE2	COMPLETED	Amyotrophic Lateral Sclerosis	Phoenix Neurological Associates, LTD	False	Tretinoin and Pioglitazone HCL
CHEMBL38	TRETINOIN	NCT01047189	PHASE4	COMPLETED	Acne Vulgaris	Wake Forest University	True	tretinoin 0.025% cream
CHEMBL38	TRETINOIN	NCT00005823	PHASE3	COMPLETED	Leukemia; Myelodysplastic Syndromes; Myelodysplastic/Myeloproliferative Neoplasms	Leukemia Research Fund	False	tretinoin
CHEMBL38	TRETINOIN	NCT04282668	PHASE1	TERMINATED	Acute Myeloid Leukemia	Taiho Oncology, Inc.	False	Tretinoin
CHEMBL38	TRETINOIN	NCT00835198	PHASE4	COMPLETED	Acne Vulgaris	Allergan	True	Tretinoin
CHEMBL38	TRETINOIN	NCT07084116	PHASE2; PHASE3	COMPLETED	Skin Tear; Solar Purpura; Dermatoporosis	James Thomas Pathoulas	False	Tretinoin 0.1% cream
CHEMBL38	TRETINOIN	NCT00006220	PHASE1; PHASE2	TERMINATED	Leukemia; Lymphoma; Multiple Myeloma and Plasma Cell Neoplasm; Myelodysplastic Syndromes	Washington University School of Medicine	False	tretinoin
CHEMBL38	TRETINOIN	NCT04241276	PHASE2	ACTIVE_NOT_RECRUITING	Pancreatic Cancer	Queen Mary University of London	False	Tretinoin
CHEMBL38	TRETINOIN	NCT00714714	PHASE4	COMPLETED	Acne Vulgaris	Bausch Health Americas, Inc.	True	Tretinoin Gel
CHEMBL38	TRETINOIN	NCT06358677	PHASE2	RECRUITING	Metastatic Solid Tumor; Locally Advanced Solid Tumor	University of Utah	False	Topical Tretinoin
CHEMBL38	TRETINOIN	NCT01135069	PHASE3	COMPLETED	Acne	Spear Pharmaceuticals	True	Tretinoin microsphere 0.1%
CHEMBL38	TRETINOIN	NCT01668615		COMPLETED	Immune Thrombocytopenic Purpura	First Affiliated Hospital of Suzhou Medical College	False	Tretinoin
CHEMBL38	TRETINOIN	NCT01313728	PHASE4	COMPLETED	Acne Vulgaris	Bausch Health Americas, Inc.	True	Tretinoin Gel
CHEMBL38	TRETINOIN	NCT00003598	NA	COMPLETED	Cervical Cancer; Precancerous/Nonmalignant Condition	University of Michigan Rogel Cancer Center	False	tretinoin
CHEMBL38	TRETINOIN	NCT00528450	PHASE2	TERMINATED	Leukemia	Memorial Sloan Kettering Cancer Center	True	tretinoin
CHEMBL38	TRETINOIN	NCT07469228	PHASE1	COMPLETED	Acne Vulgaris	Sun Pharmaceutical Industries, Inc.	False	Tretinoin Gel Microsphere, 0.04%
CHEMBL38	TRETINOIN	NCT00842907	PHASE2	UNKNOWN	Photodamage; Photoaging	Federal University of São Paulo	False	Tretinoin
CHEMBL38	TRETINOIN	NCT05999812	PHASE2	ACTIVE_NOT_RECRUITING	Colorectal Cancer	University of Texas Southwestern Medical Center	False	Tretinoin
CHEMBL38	TRETINOIN	NCT02261779	PHASE1; PHASE2	UNKNOWN	AML	Martin-Luther-Universität Halle-Wittenberg	False	Tretinoin
CHEMBL38	TRETINOIN	NCT02180425		COMPLETED	Acne	University of California, Davis	False	Tretinoin or Adapalene
CHEMBL38	TRETINOIN	NCT00326170	PHASE2	COMPLETED	Myelodysplastic Syndrome; Acute Myelogenous Leukemia	M.D. Anderson Cancer Center	True	Tretinoin (oral)
CHEMBL38	TRETINOIN	NCT02278861	PHASE2	COMPLETED	Actinic Keratosis	Universidade Federal de Goias	False	Tretinoin 0,05% cream
CHEMBL38	TRETINOIN	NCT00005825	PHASE2	UNKNOWN	Lung Cancer	Raghu Nandan, M.D., Inc	False	tretinoin
CHEMBL38	TRETINOIN	NCT03933774	NA	COMPLETED	Vitiligo	The Catholic University of Korea	True	Tretinoin 0.05% cream
CHEMBL38	TRETINOIN	NCT00003656	PHASE2	COMPLETED	Kidney Cancer	Weill Medical College of Cornell University	True	tretinoin liposome
CHEMBL38	TRETINOIN	NCT07597395	PHASE3	NOT_YET_RECRUITING	Immune Thrombocytopenia	Peking University People's Hospital	False	tretinoin
CHEMBL38	TRETINOIN	NCT01409161	PHASE2	RECRUITING	Acute Promyelocytic Leukemia With PML-RARA	M.D. Anderson Cancer Center	False	Tretinoin
CHEMBL38	TRETINOIN	NCT07012811	PHASE4	COMPLETED	Plane Warts	Latakia University	False	Topical tretinoin 0.05%
CHEMBL38	TRETINOIN	NCT00601796	PHASE2	COMPLETED	Lung Cancer	H. Lee Moffitt Cancer Center and Research Institute	True	tretinoin
CHEMBL38	TRETINOIN	NCT07187505	NA	ACTIVE_NOT_RECRUITING	Acute Promyelocytic Leukemia (APL)	Anhui Medical University	False	Tretinoin
CHEMBL38	TRETINOIN	NCT00002701	PHASE3	UNKNOWN	Leukemia	European Organisation for Research and Treatment of Cancer - EORTC	False	tretinoin
CHEMBL38	TRETINOIN	NCT06439888	PHASE1; PHASE2	RECRUITING	Oligometastatic Disease; Solid Tumor, Adult	Gustave Roussy, Cancer Campus, Grand Paris	False	Tretinoin
CHEMBL38	TRETINOIN	NCT03878524	PHASE1	TERMINATED	Accelerated Phase Chronic Myelogenous Leukemia, BCR-ABL1 Positive; Anatomic Stage IV Breast Cancer AJCC v8; Anemia; Ann Arbor Stage III Hodgkin Lymphoma; Ann Arbor Stage III Non-Hodgkin Lymphoma; Ann Arbor Stage IV Hodgkin Lymphoma; Ann Arbor Stage IV Non-Hodgkin Lymphoma; Atypical Chronic Myeloid Leukemia, BCR-ABL1 Negative; Blast Phase Chronic Myelogenous Leukemia, BCR-ABL1 Positive; Castration-Resistant Prostate Carcinoma; Chronic Phase Chronic Myelogenous Leukemia, BCR-ABL1 Positive; Hematopoietic and Lymphoid System Neoplasm; Locally Advanced Pancreatic Adenocarcinoma; Metastatic Breast Carcinoma; Metastatic Malignant Solid Neoplasm; Metastatic Pancreatic Adenocarcinoma; Myelodysplastic/Myeloproliferative Neoplasm With Ring Sideroblasts and Thrombocytosis; Myelodysplastic/Myeloproliferative Neoplasm, Unclassifiable; Primary Myelofibrosis; Recurrent Acute Lymphoblastic Leukemia; Recurrent Acute Myeloid Leukemia; Recurrent Chronic Lymphocytic Leukemia; Recurrent Chronic Myelogenous Leukemia, BCR-ABL1 Positive; Recurrent Hematologic Malignancy; Recurrent Hodgkin Lymphoma; Recurrent Myelodysplastic Syndrome; Recurrent Myelodysplastic/Myeloproliferative Neoplasm; Recurrent Myeloproliferative Neoplasm; Recurrent Non-Hodgkin Lymphoma; Recurrent Plasma Cell Myeloma; Recurrent Small Lymphocytic Lymphoma; Refractory Acute Lymphoblastic Leukemia; Refractory Acute Myeloid Leukemia; Refractory Chronic Lymphocytic Leukemia; Refractory Chronic Myelogenous Leukemia, BCR-ABL1 Positive; Refractory Chronic Myelomonocytic Leukemia; Refractory Hematologic Malignancy; Refractory Hodgkin Lymphoma; Refractory Malignant Solid Neoplasm; Refractory Myelodysplastic Syndrome; Refractory Myelodysplastic/Myeloproliferative Neoplasm; Refractory Non-Hodgkin Lymphoma; Refractory Plasma Cell Myeloma; Refractory Primary Myelofibrosis; Refractory Small Lymphocytic Lymphoma; Stage II Pancreatic Cancer AJCC v8; Stage III Pancreatic Cancer AJCC v8; Stage IV Pancreatic Cancer AJCC v8; Stage IV Prostate Cancer AJCC v8; Unresectable Pancreatic Adenocarcinoma	OHSU Knight Cancer Institute	False	Tretinoin
CHEMBL38	TRETINOIN	NCT03999684	PHASE2	COMPLETED	Adenoid Cystic Carcinoma	Dana-Farber Cancer Institute	True	Tretinoin
CHEMBL38	TRETINOIN	NCT03433378	EARLY_PHASE1	COMPLETED	Acne Vulgaris	Sun Pharmaceutical Industries, Inc.	False	Tretinoin cream, 0.05%
CHEMBL38	TRETINOIN	NCT02620813	EARLY_PHASE1	COMPLETED	Acne Vulgaris	University of California, Davis	False	Tretinoin
CHEMBL38	TRETINOIN	NCT04724473	EARLY_PHASE1	COMPLETED	Acne Vulgaris	Sun Pharmaceutical Industries, Inc.	False	Tretinoin Cream 0.025%
CHEMBL38	TRETINOIN	NCT01275274	PHASE2	WITHDRAWN	Anti-Neutrophil Cytoplasmic Antibody-Associated Vasculitis	University of North Carolina, Chapel Hill	False	Tretinoin
CHEMBL38	TRETINOIN	NCT02401295	PHASE1	COMPLETED	Relapsed Multiple Myeloma	University of Iowa	False	tretinoin
CHEMBL38	Retinoic acid	NCT04417348	NA	COMPLETED	Melasma	Universidad Autonoma de San Luis Potosí	False	Retinoic acid
CHEMBL38	Retinoic acid	NCT03392623	EARLY_PHASE1	COMPLETED	Melasma	Universidad Autonoma de San Luis Potosí	False	Retinoic acid
CHEMBL38	Retinoic acid	NCT05281965	EARLY_PHASE1	UNKNOWN	Autism; Treatment Adherence; Retinoic Acid; Dup15Q Syndrome	Second Affiliated Hospital, Zhejiang University, School of Medicine	False	Retinoic acid
CHEMBL38	Retinoic acid	NCT06731140	PHASE2	RECRUITING	HER2 Negative Breast Cancer	Fudan University	False	Retinoic Acid
CHEMBL38	Retinoic acid	NCT01987297	PHASE4	UNKNOWN	Acute Promyelocytic Leukemia	Shanghai Jiao Tong University School of Medicine	False	retinoic acid + arsenic trioxide
CHEMBL38	Retinoic acid	NCT03154723	NA	COMPLETED	Retinopathy of Prematurity	Huiqing Sun	False	Retinoic acid
CHEMBL38	Retinoic acid	NCT00533169	PHASE1	TERMINATED	Neuroblastoma	M.D. Anderson Cancer Center	False	Retinoic Acid
CHEMBL38	Retinoic acid	NCT03491267	EARLY_PHASE1	COMPLETED	Central Centrifugal Cicatricial Alopecia (CCCA)	Johns Hopkins University	True	Retinoic acid
CHEMBL38	Retinoic acid	NCT01048086	PHASE2	WITHDRAWN	Neuroblastoma; Neuroendocrine Tumor	University of Iowa	False	Retinoic Acid
CHEMBL38	Retinoic acid	NCT03465280		UNKNOWN	Recurrent Respiratory Papillomatosis; Human Papilloma Virus	Newcastle-upon-Tyne Hospitals NHS Trust	False	Retinoic acid (isotretinoin)
CHEMBL38	all-trans-Retinoic acid	NCT06158412	PHASE2	RECRUITING	Multiple Myeloma in Relapse; Multiple Myeloma, Refractory	The First Affiliated Hospital of Xiamen University	False	All-trans Retinoic Acid in combination with the KPD Regimen
CHEMBL38	all-trans-Retinoic acid	NCT03259516	PHASE1; PHASE2	TERMINATED	Myelodysplastic Syndromes	St. Petersburg State Pavlov Medical University	False	all trans retinoic acid
CHEMBL38	all-trans-Retinoic acid	NCT05016349	PHASE3	UNKNOWN	Breast Cancer Female	Mahmoud Ramadan mohamed Elkazzaz	False	All trans-retinoic acid
CHEMBL38	all-trans-Retinoic acid	NCT00892190	PHASE1	COMPLETED	Acute Myelogenous Leukemia; Myelodysplastic Syndrome	University of Pittsburgh	False	all trans retinoic acid (VESANOID)
CHEMBL38	all-trans-Retinoic acid	NCT05077813	PHASE2	UNKNOWN	Tuberculosis	Kafrelsheikh University	False	All trans retinoic acid , Minocycline,Chicroic Acid and Vitamin D for (MDR-TB)
CHEMBL38	all-trans-Retinoic acid	NCT03304288	PHASE2	UNKNOWN	Immune Thrombocytopenia	Peking University People's Hospital	False	All-trans retinoic acid
CHEMBL38	all-trans-Retinoic acid	NCT02717884	PHASE1; PHASE2	UNKNOWN	Acute Myeloid Leukemia; Myelodysplastic Syndrome	Michael Luebbert	False	all-trans retinoic acid
CHEMBL38	all-trans-Retinoic acid	NCT01667263	PHASE2	COMPLETED	Autoimmune Thrombocytopenia	Peking University People's Hospital	False	All-trans retinoic acid
CHEMBL38	all-trans-Retinoic acid	NCT02942758	PHASE2	TERMINATED	Acute Myeloid Leukemia	University Hospital Regensburg	False	All-trans-retinoic acid; Vesanoid
CHEMBL38	all-trans-Retinoic acid	NCT01064557	NA	UNKNOWN	Leukemia	Gruppo Italiano Malattie EMatologiche dell'Adulto	False	all-trans retinoic acid (ATRA)
CHEMBL38	all-trans-Retinoic acid	NCT01456468	PHASE1	COMPLETED	Cholangitis, Sclerosing	Yale University	False	Oral all-trans retinoic acid (ATRA)
CHEMBL38	all-trans-Retinoic acid	NCT05832320	NA	UNKNOWN	Acute Promyelocytic Leukemia; Induction Therapy; Oral	Peking University People's Hospital	False	all-trans retinoic acid
CHEMBL38	all-trans-Retinoic acid	NCT04700176	PHASE2	TERMINATED	Multiple Myeloma	Hackensack Meridian Health	True	All-trans retinoic acid
CHEMBL38	all-trans-Retinoic acid	NCT01237808	PHASE3	COMPLETED	Acute Myeloid Leukemia (AML)	University of Ulm	False	All-trans retinoic acid (ATRA)
CHEMBL38	all-trans-Retinoic acid	NCT00175812	PHASE1; PHASE2	COMPLETED	Acute Myelogenous Leukemia	University of Bergen	False	all-trans retinoic acid (ATRA)
CHEMBL38	all-trans-Retinoic acid	NCT05345002	PHASE2	RECRUITING	Glioma; IDH Mutation; Astrocytoma; Oligodendroglioma	Stephen Bagley, MD, MSCE	False	All-trans retinoic acid
CHEMBL38	all-trans-Retinoic acid	NCT03359174	PHASE2	TERMINATED	Cholangitis, Sclerosing	Yale University	True	All-trans retinoic acid
CHEMBL38	all-trans-Retinoic acid	NCT05497310	PHASE1; PHASE2	UNKNOWN	Promyelocytic Leukemia	Hospital Universitario Dr. Jose E. Gonzalez	False	all-trans retinoic acid
CHEMBL38	all-trans-Retinoic acid	NCT01064570	PHASE2	UNKNOWN	Acute Promyelocytic Leukemia	Gruppo Italiano Malattie EMatologiche dell'Adulto	False	all-trans retinoic acid (ATRA)
CHEMBL38	all-trans-Retinoic acid	NCT00000621	PHASE2	COMPLETED	Emphysema; Lung Diseases; Lung Diseases, Obstructive; Chronic Obstructive Pulmonary Disease	National Heart, Lung, and Blood Institute (NHLBI)	False	all trans retinoic acid
CHEMBL38	all-trans-Retinoic acid	NCT02200978	PHASE4	COMPLETED	Childhood Acute Promyelocytic Leukemia	South China Children's Leukemia Group	False	all-trans retinoic acid
CHEMBL38	all-trans-Retinoic acid	NCT00151255	PHASE3	COMPLETED	Acute Myeloid Leukemia	University of Ulm	False	All-trans retinoic acid
CHEMBL38	all-trans-Retinoic acid	NCT00867672	PHASE2	COMPLETED	Acute Myeloid Leukemia	University Hospital Freiburg	False	All-trans retinoic acid
CHEMBL38	all-trans-Retinoic acid	NCT00482833	PHASE3	COMPLETED	Leukemia	Gruppo Italiano Malattie EMatologiche dell'Adulto	False	all-trans retinoic acid
CHEMBL38	all-trans-Retinoic acid	NCT05297123	PHASE1	UNKNOWN	Acute Myeloid Leukemia	First Affiliated Hospital Xi'an Jiaotong University	False	All-trans retinoic acid
CHEMBL38	all-trans-Retinoic acid	NCT04217148	PHASE2	COMPLETED	Immune Thrombocytopenia	Peking University People's Hospital	False	All-trans retinoic acid
CHEMBL38	all-trans-Retinoic acid	NCT00617409	PHASE2	COMPLETED	Small Cell Lung Cancer	H. Lee Moffitt Cancer Center and Research Institute	True	All -trans Retinoic Acid (ATRA)
CHEMBL38	all-trans-Retinoic acid	NCT05438875	PHASE3	COMPLETED	Purpura, Thrombocytopenic, Idiopathic	Peking University People's Hospital	False	all-trans retinoic acid
CHEMBL38	all-trans-Retinoic acid	NCT07296445	PHASE3	NOT_YET_RECRUITING	Acute Promyelocytic Leukemia (APL); Acute Promyelocytic Leukaemia; Acute Promyelocytic Leukemia With PML-RARA; Acute Promyelocytic Leukemia With t(15;17)(q24.1;q21.2); PML-RARA; APL; Acute Promyelocytic Leukemia; Leukaemia; Leukemia Acute Promyelocytic Leukemia (APL); Leukemia, Acute	SDK Therapeutics, Inc.	False	all-trans retinoic acid (ATRA)
CHEMBL38	all-trans-Retinoic acid	NCT02842827	PHASE1; PHASE2	COMPLETED	Acute Myeloid Leukemia; Myelodysplastic Syndrome	Imago BioSciences, Inc., a subsidiary of Merck & Co., Inc., (Rahway, New Jersey USA)	True	all-trans retinoic acid,
CHEMBL38	all-trans-Retinoic acid	NCT00136461	PHASE2	COMPLETED	Acute Myelogenous Leukemia; Myelodysplastic Syndrome	Dana-Farber Cancer Institute	False	All-trans retinoic acid
CHEMBL38	all-trans-Retinoic acid	NCT07586813	PHASE2	RECRUITING	Persistent Isolated Chemotherapy-Induced Thrombocytopenia; Chemotherapy-Induced Thrombocytopenia; Gastrointestinal Neoplasms; Pancreatic Cancer; Colorectal Cancer	Peking University People's Hospital	False	All-trans retinoic acid
CHEMBL38	all-trans-Retinoic acid	NCT01882127	PHASE3	WITHDRAWN	Purpura; Idiopathic Thrombocytopenic Purpura	Shandong University	False	all-trans-Retinoic Acid
CHEMBL38	all-trans-Retinoic acid	NCT04618328	PHASE2	UNKNOWN	Immune Thrombocytopenia	Peking University People's Hospital	False	all trans retinoic acid
CHEMBL38	all-trans-Retinoic acid	NCT03031249	PHASE1; PHASE2	ENROLLING_BY_INVITATION	AML	Institute of Hematology & Blood Diseases Hospital, China	False	all-trans retinoic acid
CHEMBL38	all-trans-Retinoic acid	NCT02712905	PHASE1; PHASE2	TERMINATED	Solid Tumors and Hematologic Malignancy	Incyte Corporation	True	all-trans retinoic acid (ATRA)
CHEMBL38	all-trans-Retinoic acid	NCT07348107	PHASE1	NOT_YET_RECRUITING	Advanced Pancreatic Ductal Adenocarcinoma	Daniel Breadner	False	All-Trans Retinoic Acid
CHEMBL38	all-trans-Retinoic acid	NCT02688140	PHASE3	COMPLETED	Acute Promyelocytic Leukemia	Technische Universität Dresden	False	all-trans retinoic acid
CHEMBL38	all-trans-Retinoic acid	NCT02899169	PHASE3	UNKNOWN	Acute Promyelocytic Leukemia	First Affiliated Hospital Xi'an Jiaotong University	False	all-trans retinoic acid
CHEMBL38	all-trans-Retinoic acid	NCT00413166	PHASE2	COMPLETED	Acute Promyelocytic Leukemia	M.D. Anderson Cancer Center	True	All-Trans Retinoic Acid (ATRA)
CHEMBL38	all-trans-Retinoic acid	NCT00100906	PHASE2	COMPLETED	Kidney Cancer	H. Lee Moffitt Cancer Center and Research Institute	False	all-trans retinoic acid
CHEMBL38	all-trans-Retinoic acid	NCT03572387	PHASE2	COMPLETED	Prostatic Neoplasms; Prostate Neoplasms; Prostate Cancer	Icahn School of Medicine at Mount Sinai	True	all trans retinoic acid
CHEMBL38	all-trans-Retinoic acid	NCT05482451	EARLY_PHASE1	UNKNOWN	Effect of Drug	China Medical University Hospital	False	all trans retinoic acid
CHEMBL38	all-trans-Retinoic acid	NCT06536413	PHASE1; PHASE2	RECRUITING	Multiple Myeloma	The Methodist Hospital Research Institute	False	All-Trans Retinoic Acid (ATRA) Dose 0
CHEMBL38	all-trans-Retinoic acid	NCT04113863	PHASE2	TERMINATED	Breast Neoplasm Female	Mario Negri Institute for Pharmacological Research	False	all-trans retinoic acid
CHEMBL38	all-trans-Retinoic acid	NCT00151242	PHASE2; PHASE3	COMPLETED	Acute Myeloid Leukemia	University of Ulm	False	All-trans retinoic acid
CHEMBL38	all-trans-Retinoic acid	NCT04433169	PHASE2	UNKNOWN	Adenoid Cystic Carcinoma of the Head and Neck	Shanghai Ninth People's Hospital Affiliated to Shanghai Jiao Tong University	False	All-trans Retinoic Acid
CHEMBL38	all-trans-Retinoic acid	NCT05175508	PHASE2; PHASE3	UNKNOWN	AML; MDS; Old Age; Debility; Hematologic Cancer	The First Affiliated Hospital of Soochow University	False	all trans retinoic acid
CHEMBL38	all-trans-Retinoic acid	NCT06646666	PHASE2	NOT_YET_RECRUITING	B-cell Non Hodgkin Lymphoma	Ruijin Hospital	False	All-trans retinoic acid
CHEMBL38	all-trans-Retinoic acid	NCT04919369	PHASE1	COMPLETED	Metastatic Lung Non-Small Cell Carcinoma; Recurrent Lung Non-Small Cell Carcinoma; Stage IV Lung Cancer AJCC v8; Stage IVA Lung Cancer AJCC v8; Stage IVB Lung Cancer AJCC v8	Dwight Owen	False	all trans-Retinoic acid
CHEMBL38	all-trans-Retinoic acid	NCT02751255	PHASE1; PHASE2	COMPLETED	Multiple Myeloma	Amsterdam UMC, location VUmc	False	all-trans retinoic acid (ATRA)
CHEMBL38	all-trans-Retinoic acid	NCT00866918	PHASE3	COMPLETED	Childhood Acute Promyelocytic Leukemia With PML-RARA; Myeloid Neoplasm	Children's Oncology Group	True	all trans-Retinoic acid
CHEMBL38	all-trans-Retinoic acid	NCT00001438	PHASE2	COMPLETED	HIV Infections; Immunologic Deficiency Syndromes; Lymphoproliferative Disorders	National Cancer Institute (NCI)	False	all-trans-retinoic acid with IFN-alpha2a
CHEMBL38	all-trans-Retinoic acid	NCT04793919	PHASE2	RECRUITING	Acute Promyelocytic Leukemia	Associazione Italiana Ematologia Oncologia Pediatrica	False	All-trans retinoic acid
CHEMBL38	ATRA	NCT06484920	PHASE2	RECRUITING	Relapsed Hodgkin Lymphoma; Refractory Hodgkin Lymphoma; Relapsed Non-Hodgkin Lymphoma; Refractory Non-Hodgkin Lymphoma; B-cell Lymphoma	Rita Assi	False	ATRA
CHEMBL38	ATRA	NCT06706401	PHASE3	RECRUITING	Oropharynx Cancer; Larynx Cancer; Hypopharynx Cancer; Primary Head and Neck Tumor	Centre Leon Berard	False	ATRA
CHEMBL38	ATRA	NCT04305041	PHASE1; PHASE2	COMPLETED	Melanoma	Merck Sharp & Dohme LLC	True	ATRA
CHEMBL38	ATRA	NCT06371274	NA	RECRUITING	Triple-negative Breast Cancer	First Affiliated Hospital of Zhejiang University	False	ATRA
CHEMBL38	ATRA	NCT02020161	PHASE4	UNKNOWN	APL	PETHEMA Foundation	False	Atra
CHEMBL38	ATRA	NCT00195156	PHASE1	TERMINATED	Solid Tumor Malignancies	Weill Medical College of Cornell University	False	ATRA-IV
CHEMBL38	ATRA	NCT00408278	PHASE4	COMPLETED	Acute Promyelocytic Leukemia	PETHEMA Foundation	False	ATRA
CHEMBL38	ATRA	NCT00378365	PHASE3	UNKNOWN	Leukemia, Promyelocytic, Acute	Assistance Publique - Hôpitaux de Paris	False	ATRA
CHEMBL38	ATRA	NCT07355855	PHASE2	NOT_YET_RECRUITING	Rhabdomyosarcoma	Fudan University	False	ATRA+VAC
CHEMBL38	ATRA	NCT01226303	PHASE3	UNKNOWN	Acute Promyelocytic Leukemia	Associazione Italiana Ematologia Oncologia Pediatrica	False	ATRA
CHEMBL38	ATRA	NCT00504764	PHASE4	COMPLETED	Acute Promyelocytic Leukemia	PETHEMA Foundation	False	ATRA
CHEMBL38	ATRA	NCT01041833	PHASE3	UNKNOWN	Non Small Cell Lung Cancer	National Institute of Cancerología	False	atRA
CHEMBL38	ATRA	NCT07626398	PHASE2; PHASE3	NOT_YET_RECRUITING	Hemophagocytic Lymphohistiocytosis (HLH)	Beijing Anzhen Hospital	False	ATRA
CHEMBL38	Renova	NCT03596671	NA	COMPLETED	Treatment of Patients Suffering From Overactive Bladder (OAB)	BlueWind Medical	True	RENOVA iStim™ System
CHEMBL38	Renova	NCT03067987	NA	COMPLETED	Vasculogenic Erectile Dysfunction	University of Miami	True	RENOVA-ED
CHEMBL38	Renova	NCT01814852	NA	COMPLETED	Vasculogenic Erectile Dysfunction	Initia	False	Renova
CHEMBL38	Renova	NCT00170716	PHASE3	UNKNOWN	Stroke; Hemiparesis	Northstar Neuroscience	False	Renova-ST Cortical Stimulation System
CHEMBL38	Renova	NCT03019094	NA	WITHDRAWN	Overactive Bladder	BlueWind Medical	False	The RENOVA tibial nerve stimulation system
CHEMBL38	Renova	NCT02152683	NA	TERMINATED	Vasculogenic Erectile Dysfunction	Initia	False	Renova
CHEMBL38	Renova	NCT02746094	NA	WITHDRAWN	Erectile Dysfunction	Centre Hospitalier Universitaire de Nīmes	False	RENOVA device
CHEMBL38	Renova	NCT01283464	PHASE2	COMPLETED	Photodamaged Skin; Wrinkles	Johns Hopkins University	True	Renova
CHEMBL38	Renova	NCT00380042	PHASE1	TERMINATED	Depression; Depressive Disorder	Northstar Neuroscience	False	Renova Cortical Stimulation System
CHEMBL38	Retin A	NCT04059523	PHASE1	COMPLETED	Acne Vulgaris	Sol-Gel Technologies, Ltd.	False	Retin-A® 0.1% Cream
CHEMBL38	Retin A	NCT00907335	PHASE2	COMPLETED	Acne Vulgaris	Bausch Health Americas, Inc.	True	Retin-A Micro 0.04% facial acne treatment
CHEMBL38	Retin A	NCT00952523	PHASE4	COMPLETED	Acne Vulgaris	Bausch Health Americas, Inc.	True	Retin-A Micro Gel 0.04% Pump
CHEMBL38	Retin-A Micro	NCT00939133	PHASE4	COMPLETED	Acne	Dermatrials Research	False	Retin A micro 0.04%
CHEMBL38	Retin-A Micro	NCT01522456	PHASE4	COMPLETED	Acne Vulgaris	Galderma R&D	True	Retin-A Micro Microsphere 0.1%
CHEMBL38	Retin-A Micro	NCT04883736	EARLY_PHASE1	COMPLETED	Acne Vulgaris	Sun Pharmaceutical Industries, Inc.	False	RETIN-A MICRO® (Tretinoin) Gel Microsphere, 0.1%
CHEMBL38	Retin-A Micro	NCT00919191	PHASE4	COMPLETED	Acne Vulgaris	Bausch Health Americas, Inc.	True	Retin-A Micro Gel 0.04% Pump
CHEMBL38	Atralin	NCT00604032	PHASE1	COMPLETED	Healthy	Coria Laboratories, Ltd.	False	Atralin (tretinoin) Gel, 0.05%
CHEMBL38	Atralin	NCT01125930	PHASE3	TERMINATED	Rosacea	Lisa E. Maier	True	Atralin gel
CHEMBL38	ALTRENO	NCT04548349	PHASE4	COMPLETED	Acne; Healthy	Beth Israel Deaconess Medical Center	True	Altreno
CHEMBL38	Tretinoin Cream	NCT07366229	PHASE2	RECRUITING	Acne	Shenzhen People's Hospital	False	Tretinoin cream 0.1%
CHEMBL38	Tretinoin Cream	NCT01027793	PHASE4	COMPLETED	Stretch Marks; Striae; Treatment	Hexsel Dermatology Clinic	True	Tretinoin cream 0.005%
CHEMBL38	Tretinoin Cream	NCT01149876	PHASE4	COMPLETED	Hyperpigmentation	Massachusetts General Hospital	True	Tretinoin cream 0.05
CHEMBL38	Tretinoin Cream	NCT02410980	EARLY_PHASE1	COMPLETED	Collagen Fibril Alteration	University of California, Irvine	False	Tretinoin cream 0.1%
CHEMBL38	Aknefug	NCT00869492	PHASE3	UNKNOWN	Acne Vulgaris	Marmara University	False	Aknefug BP5 lotion
CHEMBL38	cis-Retinoic acid	NCT00867178	PHASE1	COMPLETED	Medulloblastoma; Pineoblastoma; Supratentorial Embryonal Tumor, Not Otherwise Specified	National Cancer Institute (NCI)	False	cis-Retinoic Acid
CHEMBL38	cis-Retinoic acid	NCT01175356	PHASE1	COMPLETED	Ganglioneuroblastoma; Localized Resectable Neuroblastoma; Localized Unresectable Neuroblastoma; Regional Neuroblastoma; Stage 4 Neuroblastoma; Stage 4S Neuroblastoma	Children's Oncology Group	True	cis-Retinoic Acid
CHEMBL38	cis-Retinoic acid	NCT00392327	PHASE3	COMPLETED	Anaplastic Medulloblastoma; Medulloblastoma	Children's Oncology Group	True	cis-Retinoic Acid
CHEMBL38	cis-Retinoic acid	NCT04385277	PHASE2	ACTIVE_NOT_RECRUITING	Ganglioneuroblastoma, Nodular; Neuroblastoma	Children's Oncology Group	True	cis-Retinoic Acid
CHEMBL38	cis-Retinoic acid	NCT00609739	PHASE1; PHASE2	TERMINATED	Leukemia	Masonic Cancer Center, University of Minnesota	True	Cis-Retinoic acid
CHEMBL38	cis-Retinoic acid	NCT00567567	PHASE3	COMPLETED	Localized Resectable Neuroblastoma; Localized Unresectable Neuroblastoma; Recurrent Neuroblastoma; Regional Neuroblastoma; Stage 4 Neuroblastoma; Stage 4S Neuroblastoma	Children's Oncology Group	True	cis-Retinoic Acid
CHEMBL38	cis-Retinoic acid	NCT01041638	PHASE3	COMPLETED	High Risk Neuroblastoma	National Cancer Institute (NCI)	True	cis-Retinoic Acid
CHEMBL38	cis-Retinoic acid	NCT03786783	PHASE2	COMPLETED	Ganglioneuroblastoma; High Risk Neuroblastoma	National Cancer Institute (NCI)	True	cis-Retinoic Acid
CHEMBL38	cis-Retinoic acid	NCT00026312	PHASE3	COMPLETED	Localized Resectable Neuroblastoma; Localized Unresectable Neuroblastoma; Recurrent Neuroblastoma; Regional Neuroblastoma; Stage 4 Neuroblastoma; Stage 4S Neuroblastoma	National Cancer Institute (NCI)	True	cis-Retinoic Acid
CHEMBL38	cis-Retinoic acid	NCT01711554	PHASE1	ACTIVE_NOT_RECRUITING	Recurrent Neuroblastoma; Refractory Neuroblastoma	National Cancer Institute (NCI)	False	cis-Retinoic Acid
CHEMBL38	cis-Retinoic acid	NCT00334789	PHASE1	COMPLETED	Adult Solid Neoplasm	National Cancer Institute (NCI)	False	cis-Retinoic Acid
CHEMBL38	cis-Retinoic acid	NCT05384821	PHASE1; PHASE2	RECRUITING	Wilms Tumor	Centre Oscar Lambret	False	Cis-Retinoic acid
CHEMBL38	cis-Retinoic acid	NCT06172296	PHASE3	RECRUITING	Ganglioneuroblastoma, Nodular; Neuroblastoma	National Cancer Institute (NCI)	False	cis-Retinoic Acid
CHEMBL38	cis-Retinoic acid	NCT01208454	PHASE1	COMPLETED	Localized Unresectable Neuroblastoma; Recurrent Neuroblastoma; Regional Neuroblastoma; Stage 4 Neuroblastoma; Stage 4S Neuroblastoma	National Cancer Institute (NCI)	False	cis-Retinoic Acid
CHEMBL38	cis-Retinoic acid	NCT03126916	PHASE3	RECRUITING	Ganglioneuroblastoma; Ganglioneuroblastoma, Nodular; Neuroblastoma	Children's Oncology Group	False	cis-Retinoic Acid
CHEMBL3707313	TRIFAROTENE	NCT07186413	PHASE3	ACTIVE_NOT_RECRUITING	Acne Vulgaris	Galderma R&D	False	Trifarotene
CHEMBL3707313	TRIFAROTENE	NCT05550337	PHASE3	COMPLETED	Acne Vulgaris	Teva Pharmaceuticals USA	True	Trifarotene 0.005 % Topical Cream
CHEMBL3707313	TRIFAROTENE	NCT04451330	PHASE4	COMPLETED	Acne Vulgaris	Galderma R&D	True	Trifarotene cream
CHEMBL3707313	TRIFAROTENE	NCT04856904	PHASE4	COMPLETED	Acne Vulgaris	Galderma R&D	True	Trifarotene Cream
CHEMBL3707313	TRIFAROTENE	NCT06733402	PHASE1	COMPLETED	Acne Vulgaris	Sun Pharmaceutical Industries, Inc.	False	Trifarotene Cream 0.005%
CHEMBL3707313	TRIFAROTENE	NCT05089708	PHASE4	COMPLETED	Acne Vulgaris	Galderma R&D	True	Trifarotene Cream
CHEMBL3707313	TRIFAROTENE	NCT06063473	PHASE1	COMPLETED	Acne Vulgaris	Sun Pharmaceutical Industries, Inc.	False	Trifarotene Cream 0.005%
CHEMBL3707313	TRIFAROTENE	NCT03915860	PHASE3	COMPLETED	Acne Vulgaris	Galderma R&D	True	Trifarotene
CHEMBL3707313	CD5789	NCT02189629	PHASE3	COMPLETED	Acne Vulgaris	Galderma R&D	True	CD5789 (trifarotene)
CHEMBL3707313	CD5789	NCT02556788	PHASE3	COMPLETED	Acne Vulgaris	Galderma R&D	True	CD5789 (trifarotene) 50µg/g Cream
CHEMBL3707313	CD5789	NCT03738800	PHASE2	TERMINATED	Lamellar Ichthyosis	Mayne Pharma International Pty Ltd	True	CD5789 Cream 200 µg/g
CHEMBL3707313	CD5789	NCT01616654	PHASE2	COMPLETED	Acne Vulgaris	Galderma R&D	True	CD5789 25 µg/g cream
CHEMBL3707313	CD5789	NCT01804335	PHASE1	COMPLETED	Lymphoma	M.D. Anderson Cancer Center	False	CD5789 0.01% Cream
CHEMBL3707313	CD5789	NCT02566369	PHASE3	COMPLETED	Acne Vulgaris	Galderma R&D	True	CD5789 (trifarotene) 50μg/g cream
