molecule_chembl_id	canonical_smiles	standard_inchi_key	pubchem_cid	best_pubchem_name	all_pubchem_synonyms	cas_number
CHEMBL4202830	CC1(C)CCC(C)(C)c2cc(-c3cc(-c4ccc(C(=O)O)cc4)ccc3CCO)ccc21	GXRMBYAHGICRID-UHFFFAOYSA-N	145976745	CHEMBL4202830	CHEMBL4202830|BDBM50457554	
CHEMBL3936922	CCN(CC)c1ccc(-c2cc(-c3ccc(C(=O)O)cc3)ccc2OCCO)cc1C(C)(C)C	OOTHJAQLAQMOBN-UHFFFAOYSA-N	11547131	CHEMBL3936922	CHEMBL3936922|SCHEMBL381776|OOTHJAQLAQMOBN-UHFFFAOYSA-N|BDBM50457544|3''-tert-butyl-4''-diethylamino-4'-(2-hydroxyethoxy)-[1,1';3',1'']terphenyl-4-carboxylic acid	
CHEMBL3907274	CCNc1ccc(-c2cc(-c3ccc(C(=O)O)cc3)ccc2OCCCO)cc1C(C)(C)C	DPLVJXMWFYWKAU-UHFFFAOYSA-N	11539622	SCHEMBL381861	SCHEMBL381861|CHEMBL3907274|DPLVJXMWFYWKAU-UHFFFAOYSA-N|3''-tert-butyl-4''-ethylamino-4'-(3-hydroxypropoxy)-[1,1';3',1'']terphenyl-4-carboxylic acid	
CHEMBL3957342	CCN(C(C)=O)c1ccc(-c2cc(-c3ccc(C(=O)O)cc3)ccc2OCCCCO)cc1C(C)(C)C	LRWOHFGXGXXCBZ-UHFFFAOYSA-N	11634780	SCHEMBL382094	SCHEMBL382094|CHEMBL3957342	
CHEMBL3939687	CCN(CC)c1ccc(-c2cc(-c3ccc(C(=O)O)cc3)ccc2OCCCO)cc1C(C)(C)C	LFCLXIGIFPQKGO-UHFFFAOYSA-N	11518525	CHEMBL3939687	CHEMBL3939687|SCHEMBL381691|BDBM50457560	
CHEMBL3926084	CCN(CC)c1ccc(-c2cc(-c3ccc(C(=O)O)cc3)ccc2CC(O)CO)cc1C(C)(C)C	JRPPASMXPSXRKV-UHFFFAOYSA-N	11561969	SCHEMBL382466	SCHEMBL382466|CHEMBL3926084|JRPPASMXPSXRKV-UHFFFAOYSA-N|3''-tert-butyl-4''-diethylamino-4'-(2,3-dihydroxypropyl)-[1,1';3',1'']terphenyl-4-carboxylic acid	
CHEMBL330998	CC(/C=C/C=C(\C)c1ccc2c(c1)C(C)(C)CS2)=C\C(=O)O	LWOPJLGICWVJGG-SEBRYRKESA-N	10358286	CHEMBL330998	CHEMBL330998|SCHEMBL13626712|BDBM50066901|(2E,4E,6E)-7-(3,3-Dimethyl-2,3-dihydro-benzo[b]thiophen-5-yl)-3-methyl-octa-2,4,6-trienoic acid	
CHEMBL4210595	CC1(C)CCC(C)(C)c2cc(-c3cc(-c4ccc(C(=O)O)cc4)ccc3OCCCO)ccc21	CPUYTQLSRRIINE-UHFFFAOYSA-N	16661644	CHEMBL4210595	CHEMBL4210595|SCHEMBL344900|CPUYTQLSRRIINE-UHFFFAOYSA-N|BDBM50457552|4'-(3-hydroxypropoxy)-3'-(5,5,8,8-tetramethyl-5,6,7,8-tetrahydronaphthalen-2-yl)biphenyl-4-carboxylic acid	
CHEMBL3931870	CCN(CC)c1ccc(-c2cc(-c3ccc(C(=O)O)cc3)ccc2CCCO)cc1C(C)(C)C	AGMIORZEZJMCCG-UHFFFAOYSA-N	11525429	SCHEMBL381582	SCHEMBL381582|CHEMBL3931870|AGMIORZEZJMCCG-UHFFFAOYSA-N|DTXSID701109511|3''-tert-butyl-4''-diethylamino-4'-(3-hydroxypropyl)-[1,1';3',1'']terphenyl-4-carboxylic acid|895542-17-3|[1,1a(2):3a(2),1a(2)a(2)-Terphenyl]-4-carboxylic acid, 4a(2)a(2)-(diethylamino)-3a(2)a(2)-(1,1-dimethylethyl)-4a(2)-(3-hydroxypropyl)-	895542-17-3
CHEMBL77961	CC1(C)CCC(C)(C)c2cc(/C(=N\O)c3ccc4cc(C(=O)O)ccc4c3)ccc21	RNZIUDLOJHVHLZ-VYIQYICTSA-N	9887303	SCHEMBL5712126	SCHEMBL5712126|110952-22-2|DB02258|NS00070942|Q27093292	110952-22-2
CHEMBL336311	CC1(C)CCC(C)(C)c2nc(-c3csc(-c4ccc(C(=O)O)cc4)n3)cnc21	RLBKELXRLMNRJB-UHFFFAOYSA-N	10172878	ER-36009	ER-36009|44X4BU4PFM|Benzoic acid, 4-(4-(5,6,7,8-tetrahydro-5,5,8,8-tetramethyl-2-quinoxalinyl)-2-thiazolyl)-|187400-31-3|ER 36009|4-(4-(5,6,7,8-tetrahydro-5,5,8,8-tetramethyl-2-quinoxalinyl)-1,3-thiazol-2-yl)benzoic acid|ER36009|RefChem:97195|UNII-44X4BU4PFM|CHEMBL336311|4-[4-(5,5,8,8-tetramethyl-6,7-dihydroquinoxalin-2-yl)-1,3-thiazol-2-yl]benzoic Acid|SCHEMBL20178902|BDBM50084830|Q27258772|4-[4-(5,5,8,8-Tetramethyl-5,6,7,8-tetrahydro-quinoxalin-2-yl)-thiazol-2-yl]-benzoic acid	187400-31-3
CHEMBL350485	Cc1ccc(C2=CCC(C)(C)C=C2/C=C/C#Cc2ccc(C(=O)O)cc2)cc1	UACAJGJFJAQPLY-FNORWQNLSA-N	10384413	CHEMBL350485	CHEMBL350485|SCHEMBL8667828|BDBM50097820|4-[(E)-4-(3,3-Dimethyl-6-p-tolyl-cyclohexa-1,5-dienyl)-but-3-en-1-ynyl]-benzoic acid	
CHEMBL3901588	CCc1cc(-c2cc(-c3ccc(C(=O)O)cc3)ccc2OCCO)ccc1N(CC)CC	MNICNAPNYMWMBN-UHFFFAOYSA-N	11546547	SCHEMBL382232	SCHEMBL382232|CHEMBL3901588	
CHEMBL3910072	CC(C)(C)c1cc(-c2cc(-c3ccc(C(=O)O)cc3)ccc2OCCO)ccc1N1CCCC1=O	KJXUVPHGZBSVDB-UHFFFAOYSA-N	11634244	CHEMBL3910072	CHEMBL3910072|SCHEMBL382738|BDBM50457565	
CHEMBL3945228	CCN(CC)c1ccc(-c2cc(-c3ccc(C(=O)O)cc3)ccc2CCCO)cc1C(C)(C)C.Cl	XPDSFZHGFFIXFG-UHFFFAOYSA-N	11598466	SCHEMBL382480	SCHEMBL382480|CHEMBL3945228	
CHEMBL5947674	Cc1ccc(C(C)C)c2cc(-c3nc(-c4ccc(C(=O)O)cc4)no3)oc12	RJNSHMCRVBGUPH-UHFFFAOYSA-N	121414325	CHEMBL5947674	CHEMBL5947674|SCHEMBL17843597|BDBM458152|US10752616, Code No. BHBA-010	
CHEMBL4205733	CC1(C)CCC(C)(C)c2cc(-c3cc(-c4ccc(C(=O)O)cc4)ccc3OCCCCO)ccc21	RGKOTQUMRCWTMY-UHFFFAOYSA-N	16661643	CHEMBL4205733	CHEMBL4205733|SCHEMBL345684|RGKOTQUMRCWTMY-UHFFFAOYSA-N|BDBM50457563|4'-(4-hydroxybutoxy)-3'-(5,5,8,8-tetramethyl-5,6,7,8-tetrahydronaphthalen-2-yl)biphenyl-4-carboxylic acid	
CHEMBL132033	CC1(C)CCC(C)(C)c2nc(-c3ccc(-c4ccc(C(=O)O)cc4)o3)cnc21	SVBKIYBFKGTMJL-UHFFFAOYSA-N	10619546	CHEMBL132033	CHEMBL132033|BDBM50084831|4-[5-(5,5,8,8-Tetramethyl-5,6,7,8-tetrahydro-quinoxalin-2-yl)-furan-2-yl]-benzoic acid	
CHEMBL424190	CC1(C)CCCC(c2ccc(C(C)(C)C)cc2)=C1/C=C/C#Cc1ccc(C(=O)O)cc1	IQKSCFUBGQSAHR-YRNVUSSQSA-N	10251128	CHEMBL424190	CHEMBL424190|SCHEMBL8667775|BDBM50097822|4-{(E)-4-[2-(4-tert-Butyl-phenyl)-6,6-dimethyl-cyclohex-1-enyl]-but-3-en-1-ynyl}-benzoic acid	
CHEMBL4210099	CC1(C)CCC(C)(C)c2cc(-c3cc(-c4ccc(C(=O)O)cc4)ccc3CO)ccc21	DWYDAJOSTCLMPR-UHFFFAOYSA-N	145967331	CHEMBL4210099	CHEMBL4210099|BDBM50457553	
CHEMBL4217953	COCCOCOc1ccc(-c2ccc(C(=O)O)cc2)cc1-c1ccc2c(c1)C(C)(C)CCC2(C)C	ONCNXZYLXTZCOJ-UHFFFAOYSA-N	69588033	CHEMBL4217953	CHEMBL4217953|SCHEMBL5845977|BDBM50457551	
CHEMBL421773	C/C(=C\c1ccc(C(=O)O)cc1)c1ccc(O)c(C23CC4CC(CC(C4)C2)C3)c1	FMXQRDBLCLYHLF-LZYBPNLTSA-N	10385620	CHEMBL421773	CHEMBL421773|SCHEMBL6372909|SCHEMBL29355723|BDBM50048276|PD080973|4-[(E)-2-(3-Adamantan-1-yl-4-hydroxy-phenyl)-propenyl]-benzoic acid	
CHEMBL82089	CC1(C)CCC(C)(C)c2cc(C(O)c3ccc4cc(C(=O)O)ccc4c3)ccc21	AYAJZQYENGWICE-UHFFFAOYSA-N	4469124	CHEMBL82089	CHEMBL82089|SCHEMBL6372648|BDBM31885	
CHEMBL3707313	CC(C)(C)c1cc(-c2cc(-c3ccc(C(=O)O)cc3)ccc2OCCO)ccc1N1CCCC1	MFBCDACCJCDGBA-UHFFFAOYSA-N	11518241	Trifarotene	Trifarotene|895542-09-3|CD5789|Aklief|trifaroteno|0J8RN2W0HK|CD-5789|4-[3-(3-tert-butyl-4-pyrrolidin-1-ylphenyl)-4-(2-hydroxyethoxy)phenyl]benzoic acid|DTXSID30237781|3''-Tert-butyl-4'-(2-hydroxyethoxy)-4''-(pyrrolidin-1-yl)(1,1':3',1'')terphenyl-4-carboxylic acid|trifarotenum|4-(3-(3-tert-butyl-4-pyrrolidin-1-ylphenyl)-4-(2-hydroxyethoxy)phenyl)benzoic acid|RefChem:56760|D10AD06|DTXCID80160272|3''-(1,1-Dimethylethyl)-4'-(2-hydroxyethoxy)-4''-(1-pyrrolidinyl)(1,1':3',1''-terphenyl)-4-carboxylic acid|3''-(tert-butyl)-4'-(2-hydroxyethoxy)-4''-(pyrrolidin-1-yl)-[1,1':3',1''-terphenyl]-4-carboxylic acid|4-[3'-tert-butyl-6-(2-hydroxyethoxy)-4'-(pyrrolidin-1-yl)-[1,1'-biphenyl]-3-yl]benzoic acid|Trifarotene [INN]|Trifarotene [USAN:INN]|UNII-0J8RN2W0HK|(1,1':3',1''-TERPHENYL)-4-CARBOXYLIC ACID, 3''-(1,1-DIMETHYLETHYL)-4'-(2-HYDROXYETHOXY)-4''-(1-PYRROLIDINYL)-|[1,1':3',1''-Terphenyl]-4-carboxylic acid, 3''-(1,1-dimethylethyl)-4'-(2-hydroxyethoxy)-4''-(1-pyrrolidinyl)-|3''-tert-Butyl-4'-(2-hydroxyethoxy)-4''-(pyrrolidin-1-yl)[1,1':3',1'']terphenyl-4-carboxylic Acid; 3''-(1,1-Dimethylethyl)-4'-(2-hydroxyethoxy)-4''-(1-pyrrolidinyl)[1,1':3',1''-terphenyl]-4-carboxylic Acid|Aklief (TN)|CD 5789|Trifarotene (Standard)|TRIFAROTENE [MI]|Trifarotene (USAN/INN)|TRIFAROTENE [USAN]|TRIFAROTENE [WHO-DD]|SCHEMBL381493|GTPL9962|orb1299684|CHEMBL3707313|TRIFAROTENE [ORANGE BOOK]|EX-A2704|BDBM50457548|EBC-27154|AKOS037649283|AT10456|DB12808|HY-100256R|compound 15b [PMID: 29706423]|AC-38204|BS-17812|BT166038|DA-78614|HY-100256|CS-0018407|NS00073363|D11225|EN300-22147514|Q27236856|4-[3-(3-tert-butyl-4-pyrrolidin-1-yl-phenyl)-4-(2-hydroxyethoxy)phenyl]benzoic acid|3'-[3-tert-butyl-4-(pyrrolidin-1-yl)phenyl]-4'-(2-hydroxyethoxy)-[1,1'-biphenyl]-4-carboxylic acid	895542-09-3
CHEMBL3960035	CCN(CC)c1ccc(-c2cc(-c3ccc(C(=O)O)cc3)ccc2OCCCCO)cc1C(C)(C)C	MFJSSFBKCJUROC-UHFFFAOYSA-N	11554936	CHEMBL3960035	CHEMBL3960035|SCHEMBL382382|MFJSSFBKCJUROC-UHFFFAOYSA-N|BDBM50457549|3''-tert-butyl-4''-diethylamino-4'-(4-hydroxybutoxy)-[1,1';3',1'']terphenyl-4-carboxylic acid	
