ligand_id	best_name	canonical_smiles	pubchem_cid	cas_number	top_target	best_rarg_affinity	best_rarg_assay_type	num_targets_total	num_pathways	num_clinical_trials	clinical_trials_summary	num_pubmed_articles	num_bindingdb_entries	num_chembl_literature	publication_summary	pathways_summary	notes
CHEMBL4202830		CC1(C)CCC(C)(C)c2cc(-c3cc(-c4ccc(C(=O)O)cc4)ccc3CCO)ccc21	145976745		nan (ADMET)	0.0001	Fu	5	19	0		0	0	1	Structure-based design of Trifarotene (CD5789), a potent and selective RARγ agonist for the treatment of acne. [ChEMBL] (https://pubmed.ncbi.nlm.nih.gov/29706423/)	Signaling by Retinoic Acid; Nuclear Receptor transcription pathway; Activation of anterior HOX genes in hindbrain development during early embryogenesis	
CHEMBL3936922		CCN(CC)c1ccc(-c2cc(-c3ccc(C(=O)O)cc3)ccc2OCCO)cc1C(C)(C)C	11547131		nan (ADMET)	0.0001	Fu	7	19	0		0	0	2	Structure-based design of Trifarotene (CD5789), a potent and selective RARγ agonist for the treatment of acne. [ChEMBL] (https://pubmed.ncbi.nlm.nih.gov/29706423/); Novel ligands that modulate RAR receptors and pharmaceutical/cosmetic compositions comprised thereof [ChEMBL] (https://www.ebi.ac.uk/chembl/document_report_card/CHEMBL3880406/)	Signaling by Retinoic Acid; Nuclear Receptor transcription pathway; Activation of anterior HOX genes in hindbrain development during early embryogenesis	
CHEMBL3907274		CCNc1ccc(-c2cc(-c3ccc(C(=O)O)cc3)ccc2OCCCO)cc1C(C)(C)C	11539622		P13631 (Retinoic acid receptor gamma)	0.25	Kd	3	19	0		0	0	1	Novel ligands that modulate RAR receptors and pharmaceutical/cosmetic compositions comprised thereof [ChEMBL] (https://www.ebi.ac.uk/chembl/document_report_card/CHEMBL3880406/)	Signaling by Retinoic Acid; Nuclear Receptor transcription pathway; Activation of anterior HOX genes in hindbrain development during early embryogenesis	
CHEMBL3957342		CCN(C(C)=O)c1ccc(-c2cc(-c3ccc(C(=O)O)cc3)ccc2OCCCCO)cc1C(C)(C)C	11634780		P13631 (Retinoic acid receptor gamma)	0.5	Kd	3	19	0		0	0	1	Novel ligands that modulate RAR receptors and pharmaceutical/cosmetic compositions comprised thereof [ChEMBL] (https://www.ebi.ac.uk/chembl/document_report_card/CHEMBL3880406/)	Signaling by Retinoic Acid; Nuclear Receptor transcription pathway; Activation of anterior HOX genes in hindbrain development during early embryogenesis	
CHEMBL3939687		CCN(CC)c1ccc(-c2cc(-c3ccc(C(=O)O)cc3)ccc2OCCCO)cc1C(C)(C)C	11518525		nan (ADMET)	0.0001	Fu	7	19	0		0	0	2	Structure-based design of Trifarotene (CD5789), a potent and selective RARγ agonist for the treatment of acne. [ChEMBL] (https://pubmed.ncbi.nlm.nih.gov/29706423/); Novel ligands that modulate RAR receptors and pharmaceutical/cosmetic compositions comprised thereof [ChEMBL] (https://www.ebi.ac.uk/chembl/document_report_card/CHEMBL3880406/)	Signaling by Retinoic Acid; Nuclear Receptor transcription pathway; Activation of anterior HOX genes in hindbrain development during early embryogenesis	
CHEMBL3926084		CCN(CC)c1ccc(-c2cc(-c3ccc(C(=O)O)cc3)ccc2CC(O)CO)cc1C(C)(C)C	11561969		P13631 (Retinoic acid receptor gamma)	8.0	Kd	3	19	0		0	0	1	Novel ligands that modulate RAR receptors and pharmaceutical/cosmetic compositions comprised thereof [ChEMBL] (https://www.ebi.ac.uk/chembl/document_report_card/CHEMBL3880406/)	Signaling by Retinoic Acid; Nuclear Receptor transcription pathway; Activation of anterior HOX genes in hindbrain development during early embryogenesis	
CHEMBL330998		CC(/C=C/C=C(\C)c1ccc2c(c1)C(C)(C)CS2)=C\C(=O)O	10358286		P13631 (Retinoic acid receptor gamma)	8.0	EC50	5	65	0		0	0	2	Synthesis and characterization of heteroarotinoids demonstrate structure specificity relationships. [ChEMBL] (https://pubmed.ncbi.nlm.nih.gov/9733501/); Biologically active heteroarotinoids exhibiting anticancer activity and decreased toxicity. [ChEMBL] (https://pubmed.ncbi.nlm.nih.gov/9357524/)	Signaling by Retinoic Acid; Nuclear Receptor transcription pathway; Activation of anterior HOX genes in hindbrain development during early embryogenesis	
CHEMBL4210595		CC1(C)CCC(C)(C)c2cc(-c3cc(-c4ccc(C(=O)O)cc4)ccc3OCCCO)ccc21	16661644		nan (ADMET)	0.0001	Fu	7	19	0		0	0	1	Structure-based design of Trifarotene (CD5789), a potent and selective RARγ agonist for the treatment of acne. [ChEMBL] (https://pubmed.ncbi.nlm.nih.gov/29706423/)	Signaling by Retinoic Acid; Nuclear Receptor transcription pathway; Activation of anterior HOX genes in hindbrain development during early embryogenesis	
CHEMBL3931870		CCN(CC)c1ccc(-c2cc(-c3ccc(C(=O)O)cc3)ccc2CCCO)cc1C(C)(C)C	11525429	895542-17-3	P13631 (Retinoic acid receptor gamma)	0.5	Kd	3	19	0		0	0	1	Novel ligands that modulate RAR receptors and pharmaceutical/cosmetic compositions comprised thereof [ChEMBL] (https://www.ebi.ac.uk/chembl/document_report_card/CHEMBL3880406/)	Signaling by Retinoic Acid; Nuclear Receptor transcription pathway; Activation of anterior HOX genes in hindbrain development during early embryogenesis	
CHEMBL77961		CC1(C)CCC(C)(C)c2cc(/C(=N\O)c3ccc4cc(C(=O)O)ccc4c3)ccc21	9887303	110952-22-2	P13631 (Retinoic acid receptor gamma)	3.3	Kd	5	19	0		0	0	2	Retinoic acid receptor beta,gamma-selective ligands: synthesis and biological activity of 6-substituted 2-naphthoic acid retinoids. [ChEMBL] (https://pubmed.ncbi.nlm.nih.gov/8691435/); An adamantyl-substituted retinoid-derived molecule that inhibits cancer cell growth and angiogenesis by inducing apoptosis and binds to small heterodimer partner nuclear receptor: effects of modifying its carboxylate group on apoptosis, proliferation, and protein-tyrosine phosphatase activity. [ChEMBL] (https://pubmed.ncbi.nlm.nih.gov/17489579/)	Signaling by Retinoic Acid; Nuclear Receptor transcription pathway; Activation of anterior HOX genes in hindbrain development during early embryogenesis	
CHEMBL336311		CC1(C)CCC(C)(C)c2nc(-c3csc(-c4ccc(C(=O)O)cc4)n3)cnc21	10172878	187400-31-3	P13631 (Retinoic acid receptor gamma)	0.34	EC30	3	19	0		3	0	1	Topical ER36009, a RARgamma-selective retinoid, decreases abdominal white adipose tissue and elicits changes in expression of genes related to adiposity and thermogenesis. [PubMed] (https://pubmed.ncbi.nlm.nih.gov/17185799/); Marked improvement induced in photoaged skin of hairless mouse by ER36009, a novel RARgamma-specific retinoid, but not by ER35794, an RXR-selective agonist. [PubMed] (https://pubmed.ncbi.nlm.nih.gov/17076708/); Comedolytic effect of a novel RARgamma-specific retinoid, ER36009: comparison with retinoic acid in the rhino mouse model. [PubMed] (https://pubmed.ncbi.nlm.nih.gov/16280299/); Syntheses and structure-activity relationships of 5,6,7, 8-tetrahydro-5,5,8,8-tetramethyl-2-quinoxaline derivatives with retinoic acid receptor alpha agonistic activity. [ChEMBL] (https://pubmed.ncbi.nlm.nih.gov/10669568/)	Signaling by Retinoic Acid; Nuclear Receptor transcription pathway; Activation of anterior HOX genes in hindbrain development during early embryogenesis	
CHEMBL350485		Cc1ccc(C2=CCC(C)(C)C=C2/C=C/C#Cc2ccc(C(=O)O)cc2)cc1	10384413		P13631 (Retinoic acid receptor gamma)	4.0	Kd	3	19	0		0	0	1	Phenylcyclohexene and phenylcyclohexadiene substituted compounds having retinoid antagonist activity. [ChEMBL] (https://pubmed.ncbi.nlm.nih.gov/11277515/)	Signaling by Retinoic Acid; Nuclear Receptor transcription pathway; Activation of anterior HOX genes in hindbrain development during early embryogenesis	
CHEMBL3901588		CCc1cc(-c2cc(-c3ccc(C(=O)O)cc3)ccc2OCCO)ccc1N(CC)CC	11546547		P13631 (Retinoic acid receptor gamma)	0.5	Kd	3	19	0		0	0	1	Novel ligands that modulate RAR receptors and pharmaceutical/cosmetic compositions comprised thereof [ChEMBL] (https://www.ebi.ac.uk/chembl/document_report_card/CHEMBL3880406/)	Signaling by Retinoic Acid; Nuclear Receptor transcription pathway; Activation of anterior HOX genes in hindbrain development during early embryogenesis	
CHEMBL3910072		CC(C)(C)c1cc(-c2cc(-c3ccc(C(=O)O)cc3)ccc2OCCO)ccc1N1CCCC1=O	11634244		nan (ADMET)	0.0001	Fu	7	19	0		0	0	2	Structure-based design of Trifarotene (CD5789), a potent and selective RARγ agonist for the treatment of acne. [ChEMBL] (https://pubmed.ncbi.nlm.nih.gov/29706423/); Novel ligands that modulate RAR receptors and pharmaceutical/cosmetic compositions comprised thereof [ChEMBL] (https://www.ebi.ac.uk/chembl/document_report_card/CHEMBL3880406/)	Signaling by Retinoic Acid; Nuclear Receptor transcription pathway; Activation of anterior HOX genes in hindbrain development during early embryogenesis	
CHEMBL3945228		CCN(CC)c1ccc(-c2cc(-c3ccc(C(=O)O)cc3)ccc2CCCO)cc1C(C)(C)C.Cl	11598466		P13631 (Retinoic acid receptor gamma)	0.25	Kd	3	19	0		0	0	1	Novel ligands that modulate RAR receptors and pharmaceutical/cosmetic compositions comprised thereof [ChEMBL] (https://www.ebi.ac.uk/chembl/document_report_card/CHEMBL3880406/)	Signaling by Retinoic Acid; Nuclear Receptor transcription pathway; Activation of anterior HOX genes in hindbrain development during early embryogenesis	
CHEMBL5947674		Cc1ccc(C(C)C)c2cc(-c3nc(-c4ccc(C(=O)O)cc4)no3)oc12	121414325		P13631 (Retinoic acid receptor gamma)	0.53	EC50	3	19	0		200	0	1	Distinct Patterns of Cognitive and Emotional Empathy in Parents of Children With Autism Spectrum Disorder: A Behavioral and Self-Report Study. [PubMed] (https://pubmed.ncbi.nlm.nih.gov/41389170/); Investigating ocular ischemic events following pars plana vitrectomy. [PubMed] (https://pubmed.ncbi.nlm.nih.gov/41379563/); Unveiling Fine-grained Deceptive Patterns in Multi-modal Fake News: An Explainable Neuro-Symbolic Framework with LVLMs. [PubMed] (https://pubmed.ncbi.nlm.nih.gov/41379920/); Unified Granularity Controller for Interactive Segmentation. [PubMed] (https://pubmed.ncbi.nlm.nih.gov/41379914/); Multi-Perturbation Consistency Learning for Semi-Supervised Medical Image Segmentation. [PubMed] (https://pubmed.ncbi.nlm.nih.gov/41379896/); Polar Subarea-Aware Fusion Net for Posterior Eyeball Shape Reconstruction. [PubMed] (https://pubmed.ncbi.nlm.nih.gov/41379888/); DuaDiff: Dual-Conditional Diffusion Model for Guided Thermal Image Super-Resolution. [PubMed] (https://pubmed.ncbi.nlm.nih.gov/41379887/); Robust Traffic Forecasting With Disentangled Spatiotemporal Graph Neural Networks. [PubMed] (https://pubmed.ncbi.nlm.nih.gov/41379886/); An open-source bio-logger for studying cetacean behavior and communication. [PubMed] (https://pubmed.ncbi.nlm.nih.gov/41379880/); Empowering sexual self-care in HPV-positive women: A randomized trial of health belief model-Based education. [PubMed] (https://pubmed.ncbi.nlm.nih.gov/41379824/); Borderline personality disorder does not predict treatment outcome in a partial hospital program independent of internalizing and harmful substance use dimensions. [PubMed] (https://pubmed.ncbi.nlm.nih.gov/41379684/); Intention to Engage in Advance Care Planning Among Community Dwelling Adults: A Quasi-Experimental Study. [PubMed] (https://pubmed.ncbi.nlm.nih.gov/41379682/); Quantum hierarchical Fokker-Planck equations with U(1) gauge fields [U(1)-QHFPE]: A computational framework for Aharonov-Bohm effects. [PubMed] (https://pubmed.ncbi.nlm.nih.gov/41379422/); Independent risk factors of hypertension in patients with chronic heart failure: insights from univariate and multivariate analyses. [PubMed] (https://pubmed.ncbi.nlm.nih.gov/41382021/); [Clinical outcomes of patients following apical surgery with retrograde root-end filling using two different materials]. [PubMed] (https://pubmed.ncbi.nlm.nih.gov/41379411/)	Signaling by Retinoic Acid; Nuclear Receptor transcription pathway; Activation of anterior HOX genes in hindbrain development during early embryogenesis	
CHEMBL4205733		CC1(C)CCC(C)(C)c2cc(-c3cc(-c4ccc(C(=O)O)cc4)ccc3OCCCCO)ccc21	16661643		nan (ADMET)	0.0001	Fu	7	19	0		0	0	1	Structure-based design of Trifarotene (CD5789), a potent and selective RARγ agonist for the treatment of acne. [ChEMBL] (https://pubmed.ncbi.nlm.nih.gov/29706423/)	Signaling by Retinoic Acid; Nuclear Receptor transcription pathway; Activation of anterior HOX genes in hindbrain development during early embryogenesis	
CHEMBL132033		CC1(C)CCC(C)(C)c2nc(-c3ccc(-c4ccc(C(=O)O)cc4)o3)cnc21	10619546		P10826 (Retinoic acid receptor beta)	0.38	EC30	3	19	0		0	0	1	Syntheses and structure-activity relationships of 5,6,7, 8-tetrahydro-5,5,8,8-tetramethyl-2-quinoxaline derivatives with retinoic acid receptor alpha agonistic activity. [ChEMBL] (https://pubmed.ncbi.nlm.nih.gov/10669568/)	Signaling by Retinoic Acid; Nuclear Receptor transcription pathway; Activation of anterior HOX genes in hindbrain development during early embryogenesis	
CHEMBL424190		CC1(C)CCCC(c2ccc(C(C)(C)C)cc2)=C1/C=C/C#Cc1ccc(C(=O)O)cc1	10251128		P13631 (Retinoic acid receptor gamma)	5.0	Kd	3	19	0		0	0	1	Phenylcyclohexene and phenylcyclohexadiene substituted compounds having retinoid antagonist activity. [ChEMBL] (https://pubmed.ncbi.nlm.nih.gov/11277515/)	Signaling by Retinoic Acid; Nuclear Receptor transcription pathway; Activation of anterior HOX genes in hindbrain development during early embryogenesis	
CHEMBL4210099		CC1(C)CCC(C)(C)c2cc(-c3cc(-c4ccc(C(=O)O)cc4)ccc3CO)ccc21	145967331		nan (ADMET)	0.0001	Fu	5	19	0		0	0	1	Structure-based design of Trifarotene (CD5789), a potent and selective RARγ agonist for the treatment of acne. [ChEMBL] (https://pubmed.ncbi.nlm.nih.gov/29706423/)	Signaling by Retinoic Acid; Nuclear Receptor transcription pathway; Activation of anterior HOX genes in hindbrain development during early embryogenesis	
CHEMBL4217953		COCCOCOc1ccc(-c2ccc(C(=O)O)cc2)cc1-c1ccc2c(c1)C(C)(C)CCC2(C)C	69588033		nan (ADMET)	0.0001	Fu	5	19	0		0	0	1	Structure-based design of Trifarotene (CD5789), a potent and selective RARγ agonist for the treatment of acne. [ChEMBL] (https://pubmed.ncbi.nlm.nih.gov/29706423/)	Signaling by Retinoic Acid; Nuclear Receptor transcription pathway; Activation of anterior HOX genes in hindbrain development during early embryogenesis	
CHEMBL421773		C/C(=C\c1ccc(C(=O)O)cc1)c1ccc(O)c(C23CC4CC(CC(C4)C2)C3)c1	10385620		P13631 (Retinoic acid receptor gamma)	53.0	Ki	4	19	0		0	0	1	Synthesis, structure-affinity relationships, and biological activities of ligands binding to retinoic acid receptor subtypes. [ChEMBL] (https://pubmed.ncbi.nlm.nih.gov/8544175/)	Signaling by Retinoic Acid; Nuclear Receptor transcription pathway; Activation of anterior HOX genes in hindbrain development during early embryogenesis	
CHEMBL82089		CC1(C)CCC(C)(C)c2cc(C(O)c3ccc4cc(C(=O)O)ccc4c3)ccc21	4469124		P10276 (Retinoic acid receptor alpha)	0.0	Max	4	19	0		0	0	3	Retinoic acid receptor beta,gamma-selective ligands: synthesis and biological activity of 6-substituted 2-naphthoic acid retinoids. [ChEMBL] (https://pubmed.ncbi.nlm.nih.gov/8691435/); Application of the Heck reaction in the synthesis of truncated naphthoic acid retinoids [ChEMBL] (https://www.ebi.ac.uk/chembl/document_report_card/CHEMBL1129721/); Structural modifications of 6-naphthalene-2-carboxylate retinoids [ChEMBL] (https://www.ebi.ac.uk/chembl/document_report_card/CHEMBL1159131/)	Signaling by Retinoic Acid; Nuclear Receptor transcription pathway; Activation of anterior HOX genes in hindbrain development during early embryogenesis	
CHEMBL3707313		CC(C)(C)c1cc(-c2cc(-c3ccc(C(=O)O)cc3)ccc2OCCO)ccc1N1CCCC1	11518241	895542-09-3	nan (ADMET)	0.0001	Fu	7	19	14	NCT01616654 (https://clinicaltrials.gov/study/NCT01616654); NCT05550337 (https://clinicaltrials.gov/study/NCT05550337); NCT01804335 (https://clinicaltrials.gov/study/NCT01804335)	136	0	2	Patient Insights on Acne Hyperpigmentation, Trifarotene, and Skincare: 6-Month, LEAP Phase 4 Qualitative Exit Interview Findings. [PubMed] (https://pubmed.ncbi.nlm.nih.gov/41286546/); High-Performance Blue Perovskite Light-Emitting Diodes Enabled by Synergistic Effect of Additives. [PubMed] (https://pubmed.ncbi.nlm.nih.gov/38241736/); Cost burden following esophagectomy: A single centre observational study. [PubMed] (https://pubmed.ncbi.nlm.nih.gov/39087114/); Discordance Between the Initial Diagnosis of Sarcomas and Subsequent Histopathological Revision and Molecular Analyses in a Sarcoma Reference Center in Brazil. [PubMed] (https://pubmed.ncbi.nlm.nih.gov/39024531/); Plasma Lipidomic Profiling Identifies Elevated Triglycerides as Potential Risk Factor in Chemotherapy-Induced Peripheral Neuropathy. [PubMed] (https://pubmed.ncbi.nlm.nih.gov/38691814/); Cognitive Reserve and Frontotemporal Disorders: Exploring the Relationship Between Education, Physical Activity, and Cognitive Dysfunction in Older Adults. [PubMed] (https://pubmed.ncbi.nlm.nih.gov/38523555/); Investigating Factors Associated with the Development of Postnatal Depression After Cesarean Delivery: A Validation Cohort Study. [PubMed] (https://pubmed.ncbi.nlm.nih.gov/38439945/); Efficient and Stable Multicolor Emissions of the Coumarin-Modified Cs [PubMed] (https://pubmed.ncbi.nlm.nih.gov/38290534/); Reduced Ejection Fraction in Elite Endurance Athletes: Clinical and Genetic Overlap With Dilated Cardiomyopathy. [PubMed] (https://pubmed.ncbi.nlm.nih.gov/38109351/); Randomized phase 3 evaluation of trifarotene 50 μg/g cream treatment of moderate facial and truncal acne. [PubMed] (https://pubmed.ncbi.nlm.nih.gov/30802558/); Regulation of oxygen-glucose deprivation/reperfusion-induced inflammatory responses and M1-M2 phenotype switch of BV2 microglia by lobetyolin. [PubMed] (https://pubmed.ncbi.nlm.nih.gov/37837601/); Tandocyclinones A and B, Ether Bridged [PubMed] (https://pubmed.ncbi.nlm.nih.gov/37755113/); Hydrothermal Synthesis of a Technical Lignin-Based Nanotube for the Efficient and Selective Removal of Cr(VI) from Aqueous Solution. [PubMed] (https://pubmed.ncbi.nlm.nih.gov/37570758/); Identification of Microbial Species and Analysis of Antimicrobial Resistance Patterns in Acute Cholangitis Patients with Malignant and Benign Biliary Obstructions: A Comparative Study. [PubMed] (https://pubmed.ncbi.nlm.nih.gov/37109679/); Regulation of Aqueous Humor Secretion by Melatonin in Porcine Ciliary Epithelium. [PubMed] (https://pubmed.ncbi.nlm.nih.gov/36982863/)	Signaling by Retinoic Acid; Nuclear Receptor transcription pathway; Activation of anterior HOX genes in hindbrain development during early embryogenesis	
CHEMBL3960035		CCN(CC)c1ccc(-c2cc(-c3ccc(C(=O)O)cc3)ccc2OCCCCO)cc1C(C)(C)C	11554936		nan (ADMET)	0.0001	Fu	7	19	0		0	0	2	Structure-based design of Trifarotene (CD5789), a potent and selective RARγ agonist for the treatment of acne. [ChEMBL] (https://pubmed.ncbi.nlm.nih.gov/29706423/); Novel ligands that modulate RAR receptors and pharmaceutical/cosmetic compositions comprised thereof [ChEMBL] (https://www.ebi.ac.uk/chembl/document_report_card/CHEMBL3880406/)	Signaling by Retinoic Acid; Nuclear Receptor transcription pathway; Activation of anterior HOX genes in hindbrain development during early embryogenesis	
