ligand_id	target_chembl_id	target_name	gene_symbol	moa	best_assay_type	best_affinity	units
CHEMBL4202830	CHEMBL2003	Retinoic acid receptor gamma	P13631		EC50	1.4	nM
CHEMBL4202830	CHEMBL2055	Retinoic acid receptor alpha	P10276		EC50	317.0	nM
CHEMBL4202830	CHEMBL612545	Unchecked			Ratio EC50	29.0	
CHEMBL4202830	CHEMBL2008	Retinoic acid receptor beta	P10826		EC50	40.0	nM
CHEMBL4202830	CHEMBL612558	ADMET			Fu	0.0001	
CHEMBL3936922	CHEMBL2055	Retinoic acid receptor alpha	P10276		Kd	60.0	nM
CHEMBL3936922	CHEMBL2008	Retinoic acid receptor beta	P10826		Kd	8.0	nM
CHEMBL3936922	CHEMBL2003	Retinoic acid receptor gamma	P13631		Kd	0.25	nM
CHEMBL3936922	CHEMBL612545	Unchecked			Ratio EC50	7.0	
CHEMBL3936922	CHEMBL613690	Hepatocyte			CLH	22.0	uL/min
CHEMBL3936922	CHEMBL2362975	No relevant target			LogD	3.9	
CHEMBL3936922	CHEMBL612558	ADMET			Fu	0.0001	
CHEMBL3907274	CHEMBL2055	Retinoic acid receptor alpha	P10276		Kd	8.0	nM
CHEMBL3907274	CHEMBL2008	Retinoic acid receptor beta	P10826		Kd	4.0	nM
CHEMBL3907274	CHEMBL2003	Retinoic acid receptor gamma	P13631		Kd	0.25	nM
CHEMBL3957342	CHEMBL2008	Retinoic acid receptor beta	P10826		Kd	8.0	nM
CHEMBL3957342	CHEMBL2055	Retinoic acid receptor alpha	P10276		Kd	8.0	nM
CHEMBL3957342	CHEMBL2003	Retinoic acid receptor gamma	P13631		Kd	0.5	nM
CHEMBL3939687	CHEMBL2055	Retinoic acid receptor alpha	P10276		Kd	60.0	nM
CHEMBL3939687	CHEMBL2008	Retinoic acid receptor beta	P10826		Kd	4.0	nM
CHEMBL3939687	CHEMBL2003	Retinoic acid receptor gamma	P13631		Kd	0.12	nM
CHEMBL3939687	CHEMBL612545	Unchecked			Ratio EC50	7.0	
CHEMBL3939687	CHEMBL613690	Hepatocyte			CLH	22.0	uL/min
CHEMBL3939687	CHEMBL2362975	No relevant target			LogD	4.0	
CHEMBL3939687	CHEMBL612558	ADMET			Fu	0.0001	
CHEMBL3926084	CHEMBL2055	Retinoic acid receptor alpha	P10276		Kd	4000.0	nM
CHEMBL3926084	CHEMBL2008	Retinoic acid receptor beta	P10826		Kd	500.0	nM
CHEMBL3926084	CHEMBL2003	Retinoic acid receptor gamma	P13631		Kd	8.0	nM
CHEMBL330998	CHEMBL2055	Retinoic acid receptor alpha	P10276		EC50	1000.0	nM
CHEMBL330998	CHEMBL2008	Retinoic acid receptor beta	P10826		EC50	1200.0	nM
CHEMBL330998	CHEMBL2003	Retinoic acid receptor gamma	P13631		EC50	8.0	nM
CHEMBL330998	CHEMBL2061	Retinoic acid receptor RXR-alpha	P19793		EC50	2600.0	nM
CHEMBL330998	CHEMBL614381	CC-B			Relative activity	50.0	
CHEMBL4210595	CHEMBL2003	Retinoic acid receptor gamma	P13631		EC50	0.22	nM
CHEMBL4210595	CHEMBL2055	Retinoic acid receptor alpha	P10276		EC50	43.0	nM
CHEMBL4210595	CHEMBL612545	Unchecked			Ratio EC50	17.0	
CHEMBL4210595	CHEMBL2008	Retinoic acid receptor beta	P10826		EC50	3.8	nM
CHEMBL4210595	CHEMBL613690	Hepatocyte			CLH	18.0	uL/min
CHEMBL4210595	CHEMBL2362975	No relevant target			LogD	3.3	
CHEMBL4210595	CHEMBL612558	ADMET			Fu	0.0001	
CHEMBL3931870	CHEMBL2055	Retinoic acid receptor alpha	P10276		Kd	60.0	nM
CHEMBL3931870	CHEMBL2008	Retinoic acid receptor beta	P10826		Kd	8.0	nM
CHEMBL3931870	CHEMBL2003	Retinoic acid receptor gamma	P13631		Kd	0.5	nM
CHEMBL77961	CHEMBL2055	Retinoic acid receptor alpha	P10276		Kd	700.0	nM
CHEMBL77961	CHEMBL2008	Retinoic acid receptor beta	P10826		Kd	50.0	nM
CHEMBL77961	CHEMBL2003	Retinoic acid receptor gamma	P13631		Kd	3.3	nM
CHEMBL77961	CHEMBL3879801	NON-PROTEIN TARGET			IC50	500.0	nM
CHEMBL77961	CHEMBL612545	Unchecked			Inhibition	30.0	%
CHEMBL336311	CHEMBL2055	Retinoic acid receptor alpha	P10276		EC30	5.2	nM
CHEMBL336311	CHEMBL2008	Retinoic acid receptor beta	P10826		EC30	0.39	nM
CHEMBL336311	CHEMBL2003	Retinoic acid receptor gamma	P13631		EC30	0.34	nM
CHEMBL350485	CHEMBL2055	Retinoic acid receptor alpha	P10276		Efficacy	96.0	%
CHEMBL350485	CHEMBL2008	Retinoic acid receptor beta	P10826		Kd	35.0	nM
CHEMBL350485	CHEMBL2003	Retinoic acid receptor gamma	P13631		Kd	4.0	nM
CHEMBL3901588	CHEMBL2055	Retinoic acid receptor alpha	P10276		Kd	500.0	nM
CHEMBL3901588	CHEMBL2008	Retinoic acid receptor beta	P10826		Kd	4.0	nM
CHEMBL3901588	CHEMBL2003	Retinoic acid receptor gamma	P13631		Kd	0.5	nM
CHEMBL3910072	CHEMBL2055	Retinoic acid receptor alpha	P10276		Kd	2000.0	nM
CHEMBL3910072	CHEMBL2008	Retinoic acid receptor beta	P10826		Kd	8000.0	nM
CHEMBL3910072	CHEMBL2003	Retinoic acid receptor gamma	P13631		Kd	60.0	nM
CHEMBL3910072	CHEMBL612545	Unchecked			Ratio EC50	10.0	
CHEMBL3910072	CHEMBL613690	Hepatocyte			CLH	5.0	uL/min
CHEMBL3910072	CHEMBL2362975	No relevant target			LogD	0.9	
CHEMBL3910072	CHEMBL612558	ADMET			Fu	0.0001	
CHEMBL3945228	CHEMBL2055	Retinoic acid receptor alpha	P10276		Kd	30.0	nM
CHEMBL3945228	CHEMBL2008	Retinoic acid receptor beta	P10826		Kd	2.0	nM
CHEMBL3945228	CHEMBL2003	Retinoic acid receptor gamma	P13631		Kd	0.25	nM
CHEMBL5947674	CHEMBL2008	Retinoic acid receptor beta	P10826		EC50	2.9	nM
CHEMBL5947674	CHEMBL2055	Retinoic acid receptor alpha	P10276		EC50	25.0	nM
CHEMBL5947674	CHEMBL2003	Retinoic acid receptor gamma	P13631		EC50	0.53	nM
CHEMBL4205733	CHEMBL2003	Retinoic acid receptor gamma	P13631		EC50	0.92	nM
CHEMBL4205733	CHEMBL2055	Retinoic acid receptor alpha	P10276		EC50	40.0	nM
CHEMBL4205733	CHEMBL612545	Unchecked			Ratio EC50	7.0	
CHEMBL4205733	CHEMBL2008	Retinoic acid receptor beta	P10826		EC50	6.8	nM
CHEMBL4205733	CHEMBL613690	Hepatocyte			CLH	13.0	uL/min
CHEMBL4205733	CHEMBL2362975	No relevant target			LogD	3.4	
CHEMBL4205733	CHEMBL612558	ADMET			Fu	0.0001	
CHEMBL132033	CHEMBL2055	Retinoic acid receptor alpha	P10276		EC30	1.8	nM
CHEMBL132033	CHEMBL2008	Retinoic acid receptor beta	P10826		EC30	0.38	nM
CHEMBL132033	CHEMBL2003	Retinoic acid receptor gamma	P13631		EC30	1.5	nM
CHEMBL424190	CHEMBL2055	Retinoic acid receptor alpha	P10276		Efficacy	94.0	%
CHEMBL424190	CHEMBL2008	Retinoic acid receptor beta	P10826		IC50	25.0	nM
CHEMBL424190	CHEMBL2003	Retinoic acid receptor gamma	P13631		Kd	5.0	nM
CHEMBL4210099	CHEMBL2003	Retinoic acid receptor gamma	P13631		EC50	4.4	nM
CHEMBL4210099	CHEMBL2055	Retinoic acid receptor alpha	P10276		EC50	336.0	nM
CHEMBL4210099	CHEMBL612545	Unchecked			Ratio EC50	6.0	
CHEMBL4210099	CHEMBL2008	Retinoic acid receptor beta	P10826		EC50	26.0	nM
CHEMBL4210099	CHEMBL612558	ADMET			Fu	0.0001	
CHEMBL4217953	CHEMBL2003	Retinoic acid receptor gamma	P13631		EC50	6.0	nM
CHEMBL4217953	CHEMBL2055	Retinoic acid receptor alpha	P10276		EC50	34.0	nM
CHEMBL4217953	CHEMBL612545	Unchecked			Ratio EC50	6.0	
CHEMBL4217953	CHEMBL2008	Retinoic acid receptor beta	P10826		EC50	40.0	nM
CHEMBL4217953	CHEMBL612558	ADMET			Fu	0.0001	
CHEMBL421773	CHEMBL2055	Retinoic acid receptor alpha	P10276		Ki	1144.0	nM
CHEMBL421773	CHEMBL2008	Retinoic acid receptor beta	P10826		Ki	1245.0	nM
CHEMBL421773	CHEMBL2003	Retinoic acid receptor gamma	P13631		Ki	53.0	nM
CHEMBL421773	CHEMBL614296	F9			AC50	66.0	nM
CHEMBL82089	CHEMBL2055	Retinoic acid receptor alpha	P10276		Max	0.0	%
CHEMBL82089	CHEMBL2008	Retinoic acid receptor beta	P10826		Max	77.0	%
CHEMBL82089	CHEMBL2003	Retinoic acid receptor gamma	P13631		EC50 ratio	14.0	
CHEMBL82089	CHEMBL375	Mus musculus			ED30	0.223	mM
CHEMBL3707313	CHEMBL2055	Retinoic acid receptor alpha	P10276		Kd	500.0	nM
CHEMBL3707313	CHEMBL2008	Retinoic acid receptor beta	P10826		Kd	15.0	nM
CHEMBL3707313	CHEMBL2003	Retinoic acid receptor gamma	P13631	AGONIST	Kd	2.0	nM
CHEMBL3707313	CHEMBL612545	Unchecked			Ratio EC50	16.0	
CHEMBL3707313	CHEMBL613690	Hepatocyte			CLH	72.0	uL/min
CHEMBL3707313	CHEMBL2362975	No relevant target			LogD	3.5	
CHEMBL3707313	CHEMBL612558	ADMET			Fu	0.0001	
CHEMBL3960035	CHEMBL2008	Retinoic acid receptor beta	P10826		Kd	8.0	nM
CHEMBL3960035	CHEMBL2055	Retinoic acid receptor alpha	P10276		Kd	30.0	nM
CHEMBL3960035	CHEMBL2003	Retinoic acid receptor gamma	P13631		Kd	2.0	nM
CHEMBL3960035	CHEMBL612545	Unchecked			Ratio EC50	4.0	
CHEMBL3960035	CHEMBL613690	Hepatocyte			CLH	33.0	uL/min
CHEMBL3960035	CHEMBL2362975	No relevant target			LogD	4.3	
CHEMBL3960035	CHEMBL612558	ADMET			Fu	0.0001	
