drug_id	drug_name	is_approved	phase	status	indication_id	indication_name	urls
CHEMBL38	TRETINOIN	True	4.0		EFO_0000224	acute promyelocytic leukemia	DailyMed: https://dailymed.nlm.nih.gov/dailymed/drugInfo.cfm?setid=0f81f505-a962-414e-8612-c3ef3b159e9a; DailyMed: https://dailymed.nlm.nih.gov/dailymed/drugInfo.cfm?setid=9c4ae9d9-c2a0-4995-a27a-e3f0f0284db9; DailyMed: https://dailymed.nlm.nih.gov/dailymed/drugInfo.cfm?setid=b22d5a07-623a-4645-b87d-a151b86da8d5
CHEMBL38	TRETINOIN	True	4.0	Completed	EFO_0000224	acute promyelocytic leukemia	ClinicalTrials: https://clinicaltrials.gov/study/NCT02200978; ClinicalTrials: https://clinicaltrials.gov/study/NCT00504764; ClinicalTrials: https://clinicaltrials.gov/study/NCT00408278
CHEMBL38	TRETINOIN	True	4.0	Unknown status	EFO_0000224	acute promyelocytic leukemia	ClinicalTrials: https://clinicaltrials.gov/study/NCT02020161; ClinicalTrials: https://clinicaltrials.gov/study/NCT00180128
CHEMBL38	TRETINOIN	True	4.0		EFO_0000616	neoplasm	ATC: https://www.whocc.no/atc_ddd_index/?code=L01XF01
CHEMBL705	ALITRETINOIN	True	4.0		EFO_0000616	neoplasm	ATC: https://www.whocc.no/atc_ddd_index/?code=L01XF02
CHEMBL1131	ACITRETIN	True	4.0	Active, not recruiting	EFO_0000676	psoriasis	ClinicalTrials: https://clinicaltrials.gov/study/NCT05401006
CHEMBL1131	ACITRETIN	True	4.0	Completed	EFO_0000676	psoriasis	ClinicalTrials: https://clinicaltrials.gov/study/NCT01039142; ClinicalTrials: https://clinicaltrials.gov/study/NCT00723437; ClinicalTrials: https://clinicaltrials.gov/study/NCT00936065; ClinicalTrials: https://clinicaltrials.gov/study/NCT05203354
CHEMBL1131	ACITRETIN	True	4.0	Not yet recruiting	EFO_0000676	psoriasis	ClinicalTrials: https://clinicaltrials.gov/study/NCT04239859
CHEMBL1131	ACITRETIN	True	4.0	Unknown status	EFO_0000676	psoriasis	ClinicalTrials: https://clinicaltrials.gov/study/NCT01228409; ClinicalTrials: https://clinicaltrials.gov/study/NCT00707070
CHEMBL1657	TAZAROTENE	True	4.0	Completed	EFO_0000676	psoriasis	ClinicalTrials: https://clinicaltrials.gov/study/NCT04720105; ClinicalTrials: https://clinicaltrials.gov/study/NCT05872256
CHEMBL1657	TAZAROTENE	True	4.0	Unknown status	EFO_0000676	psoriasis	ClinicalTrials: https://clinicaltrials.gov/study/NCT03263624
CHEMBL464	ETRETINATE	True	4.0		EFO_0000676	psoriasis	ATC: https://www.whocc.no/atc_ddd_index/?code=D05BB01
CHEMBL705	ALITRETINOIN	True	4.0		EFO_0000558	Kaposi's sarcoma	EMA: https://www.ema.europa.eu/en/medicines/human/EPAR/panretin
CHEMBL1657	TAZAROTENE	True	4.0		EFO_0000676	psoriasis	DailyMed: https://dailymed.nlm.nih.gov/dailymed/drugInfo.cfm?setid=75145c21-6ef2-455a-8a67-d48ddd4181a4; ATC: https://www.whocc.no/atc_ddd_index/?code=D05AX05; DailyMed: https://dailymed.nlm.nih.gov/dailymed/drugInfo.cfm?setid=dd02ea43-7668-4872-a655-ee31c456e345; DailyMed: https://dailymed.nlm.nih.gov/dailymed/drugInfo.cfm?setid=b2fbd294-5fb9-45bc-baf0-8c5b72bddb74
CHEMBL1657	TAZAROTENE	True	4.0	Not yet recruiting	EFO_0000676	psoriasis	ClinicalTrials: https://clinicaltrials.gov/study/NCT05555797
CHEMBL1657	TAZAROTENE	True	4.0	Recruiting	EFO_0000676	psoriasis	ClinicalTrials: https://clinicaltrials.gov/study/NCT04119102
CHEMBL1131	ACITRETIN	True	4.0		EFO_0000676	psoriasis	DailyMed: https://dailymed.nlm.nih.gov/dailymed/drugInfo.cfm?setid=cec7851f-c7af-4e9e-a5e4-a585c70510d2; DailyMed: https://dailymed.nlm.nih.gov/dailymed/drugInfo.cfm?setid=fb979cda-6a34-496e-b4bc-b17782b67821; ATC: https://www.whocc.no/atc_ddd_index/?code=D05BB02; DailyMed: https://dailymed.nlm.nih.gov/dailymed/drugInfo.cfm?setid=993a5325-cd10-4450-b5ea-1c0a90510df6
CHEMBL1131	ACITRETIN	True	4.0	Recruiting	EFO_0000676	psoriasis	ClinicalTrials: https://clinicaltrials.gov/study/NCT04537689
CHEMBL1131	ACITRETIN	True	4.0	Terminated	EFO_0000676	psoriasis	ClinicalTrials: https://clinicaltrials.gov/study/NCT02181790
CHEMBL1131	ACITRETIN	True	4.0	Withdrawn	EFO_0000676	psoriasis	ClinicalTrials: https://clinicaltrials.gov/study/NCT00832364
CHEMBL1265	ADAPALENE	True	4.0		EFO_0003894	acne	DailyMed: https://dailymed.nlm.nih.gov/dailymed/drugInfo.cfm?setid=5c7981be-509d-4dc1-a6b6-78e047942cdd; DailyMed: https://dailymed.nlm.nih.gov/dailymed/drugInfo.cfm?setid=67002593-3bd3-4e91-a48f-9f7483e579a0; DailyMed: https://dailymed.nlm.nih.gov/dailymed/drugInfo.cfm?setid=94cf9af1-afab-4064-a2ca-619b54218262; DailyMed: https://dailymed.nlm.nih.gov/dailymed/drugInfo.cfm?setid=f740915a-7392-4b52-a83c-e49e37021182; DailyMed: https://dailymed.nlm.nih.gov/dailymed/drugInfo.cfm?setid=cabba2c1-cf07-46aa-a2c3-1b815517b16b; DailyMed: https://dailymed.nlm.nih.gov/dailymed/drugInfo.cfm?setid=f4e5d381-098a-4c93-9ff0-002cae46daac; DailyMed: https://dailymed.nlm.nih.gov/dailymed/drugInfo.cfm?setid=85c8fc4f-d1a2-4af8-8963-1e4c476c06c6; DailyMed: https://dailymed.nlm.nih.gov/dailymed/drugInfo.cfm?setid=a81f2db7-78b0-45fd-93cc-b7fe43bcb45a; ATC: https://www.whocc.no/atc_ddd_index/?code=D10AD03; DailyMed: https://dailymed.nlm.nih.gov/dailymed/drugInfo.cfm?setid=a0610f87-3b39-458a-afa3-66be1fefd1de; DailyMed: https://dailymed.nlm.nih.gov/dailymed/drugInfo.cfm?setid=ad56e40f-d63d-428f-a58c-8ae733b63c7f; DailyMed: https://dailymed.nlm.nih.gov/dailymed/drugInfo.cfm?setid=ab4b2120-57fc-6c61-b239-37c21789c065; DailyMed: https://dailymed.nlm.nih.gov/dailymed/drugInfo.cfm?setid=36c8b3ad-3552-4e83-8a16-f20be7c39e4f; DailyMed: https://dailymed.nlm.nih.gov/dailymed/drugInfo.cfm?setid=0815e2d8-643d-41fd-addf-6490fab2056a; DailyMed: https://dailymed.nlm.nih.gov/dailymed/drugInfo.cfm?setid=3c88f4f7-564d-423d-a94d-92d02b8f0925; DailyMed: https://dailymed.nlm.nih.gov/dailymed/drugInfo.cfm?setid=78b3c1f9-0fc2-4075-6cf0-454a492e6ae3; DailyMed: https://dailymed.nlm.nih.gov/dailymed/drugInfo.cfm?setid=fb57f9d4-54d6-412c-aeb4-00a8bd46f958; DailyMed: https://dailymed.nlm.nih.gov/dailymed/drugInfo.cfm?setid=aacd5ec4-e2fa-460e-aaae-a0aba5c052e5; DailyMed: https://dailymed.nlm.nih.gov/dailymed/drugInfo.cfm?setid=5183ead4-9735-4535-b4f1-8dcb417eef02; DailyMed: https://dailymed.nlm.nih.gov/dailymed/drugInfo.cfm?setid=276f7cce-5f54-40f8-8321-9192d0e52a73; DailyMed: https://dailymed.nlm.nih.gov/dailymed/drugInfo.cfm?setid=79bf9131-d407-4cb3-bfc7-224a751d6e3e; ATC: https://www.whocc.no/atc_ddd_index/?code=D10AD53; DailyMed: https://dailymed.nlm.nih.gov/dailymed/drugInfo.cfm?setid=e616d076-9e99-46ea-b69a-585867334142; DailyMed: https://dailymed.nlm.nih.gov/dailymed/drugInfo.cfm?setid=e87a2f9b-33eb-4861-b301-d1d21c2c326d; DailyMed: https://dailymed.nlm.nih.gov/dailymed/drugInfo.cfm?setid=a0031324-92a6-4c11-90e2-c2818f7278ec
CHEMBL1265	ADAPALENE	True	4.0	Active, not recruiting	EFO_0003894	acne	ClinicalTrials: https://clinicaltrials.gov/study/NCT06336603
CHEMBL1265	ADAPALENE	True	4.0	Completed	EFO_0003894	acne	ClinicalTrials: https://clinicaltrials.gov/study/NCT01951417; ClinicalTrials: https://clinicaltrials.gov/study/NCT01149330; ClinicalTrials: https://clinicaltrials.gov/study/NCT00926367; ClinicalTrials: https://clinicaltrials.gov/study/NCT03626298; ClinicalTrials: https://clinicaltrials.gov/study/NCT00757523; ClinicalTrials: https://clinicaltrials.gov/study/NCT00660985; ClinicalTrials: https://clinicaltrials.gov/study/NCT00887484; ClinicalTrials: https://clinicaltrials.gov/study/NCT01209949; ClinicalTrials: https://clinicaltrials.gov/study/NCT02249104; ClinicalTrials: https://clinicaltrials.gov/study/NCT00469755; ClinicalTrials: https://clinicaltrials.gov/study/NCT01138735; ClinicalTrials: https://clinicaltrials.gov/study/NCT00160394; ClinicalTrials: https://clinicaltrials.gov/study/NCT05096312; ClinicalTrials: https://clinicaltrials.gov/study/NCT00919191; ClinicalTrials: https://clinicaltrials.gov/study/NCT01231334; ClinicalTrials: https://clinicaltrials.gov/study/NCT00696449; ClinicalTrials: https://clinicaltrials.gov/study/NCT00807014; ClinicalTrials: https://clinicaltrials.gov/study/NCT01504204; ClinicalTrials: https://clinicaltrials.gov/study/NCT00952523; ClinicalTrials: https://clinicaltrials.gov/study/NCT03457636; ClinicalTrials: https://clinicaltrials.gov/study/NCT02899000; ClinicalTrials: https://clinicaltrials.gov/study/NCT01522456; ClinicalTrials: https://clinicaltrials.gov/study/NCT00964223; ClinicalTrials: https://clinicaltrials.gov/study/NCT00671749; ClinicalTrials: https://clinicaltrials.gov/study/NCT01188538; ClinicalTrials: https://clinicaltrials.gov/study/NCT02721173; ClinicalTrials: https://clinicaltrials.gov/study/NCT01387048; ClinicalTrials: https://clinicaltrials.gov/study/NCT00714714
CHEMBL1265	ADAPALENE	True	4.0	Unknown status	EFO_0003894	acne	ClinicalTrials: https://clinicaltrials.gov/study/NCT03866447
CHEMBL1657	TAZAROTENE	True	4.0	Completed	EFO_0003894	acne	ClinicalTrials: https://clinicaltrials.gov/study/NCT00469755; ClinicalTrials: https://clinicaltrials.gov/study/NCT00834210; ClinicalTrials: https://clinicaltrials.gov/study/NCT01016977; ClinicalTrials: https://clinicaltrials.gov/study/NCT00145106; ClinicalTrials: https://clinicaltrials.gov/study/NCT02721173
CHEMBL3707313	TRIFAROTENE	True	4.0		EFO_0003894	acne	ATC: https://www.whocc.no/atc_ddd_index/?code=D10AD06; FDA: https://www.accessdata.fda.gov/drugsatfda_docs/label/2019/211527s000lbl.pdf; DailyMed: https://dailymed.nlm.nih.gov/dailymed/drugInfo.cfm?setid=62d910db-85a6-4696-b69b-4bd2f3080cfc
CHEMBL38	TRETINOIN	True	4.0	Completed	EFO_0003894	acne	ClinicalTrials: https://clinicaltrials.gov/study/NCT00714714; ClinicalTrials: https://clinicaltrials.gov/study/NCT04548349; ClinicalTrials: https://clinicaltrials.gov/study/NCT00835198; ClinicalTrials: https://clinicaltrials.gov/study/NCT00841776; ClinicalTrials: https://clinicaltrials.gov/study/NCT00919191; ClinicalTrials: https://clinicaltrials.gov/study/NCT00952523; ClinicalTrials: https://clinicaltrials.gov/study/NCT01047189; ClinicalTrials: https://clinicaltrials.gov/study/NCT01522456; ClinicalTrials: https://clinicaltrials.gov/study/NCT01313728; ClinicalTrials: https://clinicaltrials.gov/study/NCT01206348; ClinicalTrials: https://clinicaltrials.gov/study/NCT00907257; ClinicalTrials: https://clinicaltrials.gov/study/NCT00939133
CHEMBL38	TRETINOIN	True	4.0	Terminated	EFO_0003894	acne	ClinicalTrials: https://clinicaltrials.gov/study/NCT00240513
CHEMBL38	TRETINOIN	True	4.0	Unknown status	EFO_0003894	acne	ClinicalTrials: https://clinicaltrials.gov/study/NCT01448733; ClinicalTrials: https://clinicaltrials.gov/study/NCT01422785; ClinicalTrials: https://clinicaltrials.gov/study/NCT01111994
CHEMBL547	ISOTRETINOIN	True	4.0		EFO_0003894	acne	ATC: https://www.whocc.no/atc_ddd_index/?code=D10AD04; ATC: https://www.whocc.no/atc_ddd_index/?code=D10AD54; ATC: https://www.whocc.no/atc_ddd_index/?code=D10BA01
CHEMBL547	ISOTRETINOIN	True	4.0	Completed	EFO_0003894	acne	ClinicalTrials: https://clinicaltrials.gov/study/NCT02457520; ClinicalTrials: https://clinicaltrials.gov/study/NCT04940767; ClinicalTrials: https://clinicaltrials.gov/study/NCT01404130
CHEMBL547	ISOTRETINOIN	True	4.0	Not yet recruiting	EFO_0003894	acne	ClinicalTrials: https://clinicaltrials.gov/study/NCT05316675; ClinicalTrials: https://clinicaltrials.gov/study/NCT05666765
CHEMBL1131	ACITRETIN	True	4.0	Unknown status	EFO_1001494	psoriasis vulgaris	ClinicalTrials: https://clinicaltrials.gov/study/NCT01443338
CHEMBL1265	ADAPALENE	True	4.0	Terminated	EFO_0003894	acne	ClinicalTrials: https://clinicaltrials.gov/study/NCT03563365; ClinicalTrials: https://clinicaltrials.gov/study/NCT00829049
CHEMBL1657	TAZAROTENE	True	4.0		EFO_0003894	acne	DailyMed: https://dailymed.nlm.nih.gov/dailymed/drugInfo.cfm?setid=b2fbd294-5fb9-45bc-baf0-8c5b72bddb74; DailyMed: https://dailymed.nlm.nih.gov/dailymed/drugInfo.cfm?setid=dd02ea43-7668-4872-a655-ee31c456e345; DailyMed: https://dailymed.nlm.nih.gov/dailymed/drugInfo.cfm?setid=ae0afed7-1d60-45fd-a08b-8db094618521; DailyMed: https://dailymed.nlm.nih.gov/dailymed/drugInfo.cfm?setid=75145c21-6ef2-455a-8a67-d48ddd4181a4; DailyMed: https://dailymed.nlm.nih.gov/dailymed/drugInfo.cfm?setid=10ac61b3-cf91-4d83-b253-e9b0b22567ac; DailyMed: https://dailymed.nlm.nih.gov/dailymed/drugInfo.cfm?setid=d941ff25-c221-4a55-8012-0dcf3bbcbbd1; DailyMed: https://dailymed.nlm.nih.gov/dailymed/drugInfo.cfm?setid=596fd7d0-6ae2-4736-990d-4d4f01f96965
CHEMBL1657	TAZAROTENE	True	4.0	Terminated	EFO_0003894	acne	ClinicalTrials: https://clinicaltrials.gov/study/NCT00829049
CHEMBL3707313	TRIFAROTENE	True	4.0	Completed	EFO_0003894	acne	ClinicalTrials: https://clinicaltrials.gov/study/NCT05089708; ClinicalTrials: https://clinicaltrials.gov/study/NCT04451330; ClinicalTrials: https://clinicaltrials.gov/study/NCT04856904
CHEMBL38	TRETINOIN	True	4.0		EFO_0003894	acne	DailyMed: https://dailymed.nlm.nih.gov/dailymed/drugInfo.cfm?setid=7834c7bb-6ec7-4bba-b7ec-d3f4c6dff7c9; DailyMed: https://dailymed.nlm.nih.gov/dailymed/drugInfo.cfm?setid=4aaccfbc-9391-4e3f-b25f-7e55406195ad; DailyMed: https://dailymed.nlm.nih.gov/dailymed/drugInfo.cfm?setid=3309d312-4696-4cfd-a231-75ea13c0bdff; DailyMed: https://dailymed.nlm.nih.gov/dailymed/drugInfo.cfm?setid=d3c528d2-429d-4f37-9ebf-eee8b9fd3050; DailyMed: https://dailymed.nlm.nih.gov/dailymed/drugInfo.cfm?setid=1cecc7e2-00bd-4c63-af1d-723aaf892f60; DailyMed: https://dailymed.nlm.nih.gov/dailymed/drugInfo.cfm?setid=0dad9bef-cfcc-4216-86c8-9ccd6b8613d8; DailyMed: https://dailymed.nlm.nih.gov/dailymed/drugInfo.cfm?setid=26bfd7bf-6ebd-4570-86c3-aab617f00d67; DailyMed: https://dailymed.nlm.nih.gov/dailymed/drugInfo.cfm?setid=7483423c-695c-4b62-b3cd-4e475f30b857; DailyMed: https://dailymed.nlm.nih.gov/dailymed/drugInfo.cfm?setid=ababee41-4f21-44d4-b139-02735fd950ee; DailyMed: https://dailymed.nlm.nih.gov/dailymed/drugInfo.cfm?setid=0ee4fccd-087f-4134-9b66-1d5186c116c0; DailyMed: https://dailymed.nlm.nih.gov/dailymed/drugInfo.cfm?setid=e3d00b1d-0c68-44cc-ab5b-d76547283090; DailyMed: https://dailymed.nlm.nih.gov/dailymed/drugInfo.cfm?setid=08ab7e0c-1437-455f-815c-98904d96a289; DailyMed: https://dailymed.nlm.nih.gov/dailymed/drugInfo.cfm?setid=745cc3ce-60b4-4479-a055-316817567949; ATC: https://www.whocc.no/atc_ddd_index/?code=D10AD51; DailyMed: https://dailymed.nlm.nih.gov/dailymed/drugInfo.cfm?setid=c5ee36ac-2ffd-4cca-ad47-b1dae7ebdb3b; DailyMed: https://dailymed.nlm.nih.gov/dailymed/drugInfo.cfm?setid=342ed5ed-2a53-4fc0-84f5-52b4094e1319; DailyMed: https://dailymed.nlm.nih.gov/dailymed/drugInfo.cfm?setid=86ae3f3f-8ce4-41e0-b498-bfe9ff40bc8d; DailyMed: https://dailymed.nlm.nih.gov/dailymed/drugInfo.cfm?setid=ed0ef110-8531-46b2-b54e-68c7466d18ea; DailyMed: https://dailymed.nlm.nih.gov/dailymed/drugInfo.cfm?setid=ce5f4f14-5e60-4cc1-bcb3-1fa9b8aa9cd5; DailyMed: https://dailymed.nlm.nih.gov/dailymed/drugInfo.cfm?setid=e1e33e9d-e324-4154-b564-9c7016a96c8e; DailyMed: https://dailymed.nlm.nih.gov/dailymed/drugInfo.cfm?setid=df6e2c08-eaa9-4479-b121-5c554a666e5c; DailyMed: https://dailymed.nlm.nih.gov/dailymed/drugInfo.cfm?setid=f5ce22e8-1a9b-408c-86ae-4084b7afeca1; DailyMed: https://dailymed.nlm.nih.gov/dailymed/drugInfo.cfm?setid=78c329f9-f0c9-486d-9e54-0123699fb9e1; DailyMed: https://dailymed.nlm.nih.gov/dailymed/drugInfo.cfm?setid=b5e385a2-f6f9-41cb-8a33-eedba397043f; DailyMed: https://dailymed.nlm.nih.gov/dailymed/drugInfo.cfm?setid=6bb07b84-68bd-4513-b0cf-e2e949eaa964; DailyMed: https://dailymed.nlm.nih.gov/dailymed/drugInfo.cfm?setid=1095cbf0-2774-461a-a675-e15210d1308d; DailyMed: https://dailymed.nlm.nih.gov/dailymed/drugInfo.cfm?setid=7e879113-027c-4956-adb2-0a8a2df175ba; DailyMed: https://dailymed.nlm.nih.gov/dailymed/drugInfo.cfm?setid=54648bd5-c568-4b61-b032-d9add32ac99f; DailyMed: https://dailymed.nlm.nih.gov/dailymed/drugInfo.cfm?setid=b6b45969-a64a-4ce3-b3b6-157d2568a301; DailyMed: https://dailymed.nlm.nih.gov/dailymed/drugInfo.cfm?setid=1412aba5-71aa-4cce-8db4-c189bed1852c; DailyMed: https://dailymed.nlm.nih.gov/dailymed/drugInfo.cfm?setid=78f03983-f636-43c3-90c5-3d5231909b2a; DailyMed: https://dailymed.nlm.nih.gov/dailymed/drugInfo.cfm?setid=0a6722ba-c2e5-4d7a-82ea-bcd6a54033b5; DailyMed: https://dailymed.nlm.nih.gov/dailymed/drugInfo.cfm?setid=5fd917c3-a977-4202-9ac4-1e364d87f0dd; DailyMed: https://dailymed.nlm.nih.gov/dailymed/drugInfo.cfm?setid=6289f7b2-84ac-4282-86be-990d7beec121; DailyMed: https://dailymed.nlm.nih.gov/dailymed/drugInfo.cfm?setid=ab54603f-c270-4737-8ba0-a4f7e15465ad; DailyMed: https://dailymed.nlm.nih.gov/dailymed/drugInfo.cfm?setid=79e1c8f6-59cd-4efa-9efa-0762d4b1a10c; DailyMed: https://dailymed.nlm.nih.gov/dailymed/drugInfo.cfm?setid=9e123aad-40bc-45fa-b0ab-5519fd4355b7; ATC: https://www.whocc.no/atc_ddd_index/?code=D10AD01; DailyMed: https://dailymed.nlm.nih.gov/dailymed/drugInfo.cfm?setid=d02f2dcc-b699-4441-a86c-ce386675eb7a; DailyMed: https://dailymed.nlm.nih.gov/dailymed/drugInfo.cfm?setid=9556d73d-c573-4e0a-9feb-764ce2d1107b; DailyMed: https://dailymed.nlm.nih.gov/dailymed/drugInfo.cfm?setid=67bcf4ea-7947-4dd4-9416-2d457726a8ee; DailyMed: https://dailymed.nlm.nih.gov/dailymed/drugInfo.cfm?setid=302ca95f-5a7e-4971-870a-5cfea618d7a7; DailyMed: https://dailymed.nlm.nih.gov/dailymed/drugInfo.cfm?setid=ee922f41-47f0-4845-9907-0661f20087a7; DailyMed: https://dailymed.nlm.nih.gov/dailymed/drugInfo.cfm?setid=80abe660-b39b-4f59-9d30-192670706490; DailyMed: https://dailymed.nlm.nih.gov/dailymed/drugInfo.cfm?setid=ff10a007-5814-4794-8ce3-da5cc85fca85; DailyMed: https://dailymed.nlm.nih.gov/dailymed/drugInfo.cfm?setid=e0e25674-a9a8-4ad8-98b7-fcadce79d6be
CHEMBL38	TRETINOIN	True	4.0		EFO_0003963	freckles	DailyMed: https://dailymed.nlm.nih.gov/dailymed/drugInfo.cfm?setid=a35fa709-5eb5-4429-b38f-f1e0019bf0ee
CHEMBL38	TRETINOIN	True	4.0	Completed	EFO_0003963	freckles	ClinicalTrials: https://clinicaltrials.gov/study/NCT00472966; ClinicalTrials: https://clinicaltrials.gov/study/NCT00469183
CHEMBL38	TRETINOIN	True	4.0	Terminated	EFO_0003963	freckles	ClinicalTrials: https://clinicaltrials.gov/study/NCT00669071
CHEMBL1657	TAZAROTENE	True	4.0		EFO_1001494	psoriasis vulgaris	DailyMed: https://dailymed.nlm.nih.gov/dailymed/drugInfo.cfm?setid=10ac61b3-cf91-4d83-b253-e9b0b22567ac; DailyMed: https://dailymed.nlm.nih.gov/dailymed/drugInfo.cfm?setid=b3f0cdc0-69fd-43d1-baf2-d776a3a20715
CHEMBL1657	TAZAROTENE	True	4.0	Completed	EFO_1001494	psoriasis vulgaris	ClinicalTrials: https://clinicaltrials.gov/study/NCT06042647
CHEMBL705	ALITRETINOIN	True	4.0		HP_0000964	Eczematoid dermatitis	ATC: https://www.whocc.no/atc_ddd_index/?code=D11AH04
CHEMBL2105648	PALOVAROTENE	True	4.0		MONDO_0007606	fibrodysplasia ossificans progressiva	FDA: https://www.accessdata.fda.gov/drugsatfda_docs/label/2023/215559s000lbl.pdf
CHEMBL38	TRETINOIN	True	4.0		MONDO_0019289	hyperpigmentation of the skin	DailyMed: https://dailymed.nlm.nih.gov/dailymed/drugInfo.cfm?setid=109acceb-7c3e-4664-a622-7f8bc1d7f12f; DailyMed: https://dailymed.nlm.nih.gov/dailymed/drugInfo.cfm?setid=fda09c9d-efee-40dc-8030-065ceacd7a5c; DailyMed: https://dailymed.nlm.nih.gov/dailymed/drugInfo.cfm?setid=074541c2-a89c-44b1-87dd-2327518c222e; DailyMed: https://dailymed.nlm.nih.gov/dailymed/drugInfo.cfm?setid=357ed7c9-6ffa-45b8-94be-4d440f5a1c22; DailyMed: https://dailymed.nlm.nih.gov/dailymed/drugInfo.cfm?setid=ac92dfd3-6517-43d0-b6c1-b86fdf3a761f
CHEMBL1657	TAZAROTENE	True	4.0		Orphanet_183469	Genetic hypopigmentation of the skin	DailyMed: https://dailymed.nlm.nih.gov/dailymed/drugInfo.cfm?setid=cd8a3be3-8f83-42cf-8752-6fd16da65150
CHEMBL38	TRETINOIN	True	3.0	Not yet recruiting	EFO_0000224	acute promyelocytic leukemia	ClinicalTrials: https://clinicaltrials.gov/study/NCT04175587
CHEMBL38	TRETINOIN	True	3.0	Unknown status	EFO_0000224	acute promyelocytic leukemia	ClinicalTrials: https://clinicaltrials.gov/study/NCT01226303; ClinicalTrials: https://clinicaltrials.gov/study/NCT02899169
CHEMBL38	TRETINOIN	True	3.0	Completed	EFO_0000198	myelodysplastic syndrome	ClinicalTrials: https://clinicaltrials.gov/study/NCT00005823; ClinicalTrials: https://clinicaltrials.gov/study/NCT00005863
CHEMBL38	TRETINOIN	True	3.0	Completed	EFO_0000222	acute myeloid leukemia	ClinicalTrials: https://clinicaltrials.gov/study/NCT00146120; ClinicalTrials: https://clinicaltrials.gov/study/NCT01237808; ClinicalTrials: https://clinicaltrials.gov/study/NCT00151255; ClinicalTrials: https://clinicaltrials.gov/study/NCT00962767
CHEMBL38	TRETINOIN	True	3.0	Recruiting	EFO_0000222	acute myeloid leukemia	ClinicalTrials: https://clinicaltrials.gov/study/NCT05654194
CHEMBL38	TRETINOIN	True	3.0	Withdrawn	EFO_0000222	acute myeloid leukemia	ClinicalTrials: https://clinicaltrials.gov/study/NCT01067274
CHEMBL38	TRETINOIN	True	3.0	Active, not recruiting	EFO_0000224	acute promyelocytic leukemia	ClinicalTrials: https://clinicaltrials.gov/study/NCT02688140
CHEMBL38	TRETINOIN	True	3.0	Completed	EFO_0000224	acute promyelocytic leukemia	ClinicalTrials: https://clinicaltrials.gov/study/NCT00003934; ClinicalTrials: https://clinicaltrials.gov/study/NCT00866918; ClinicalTrials: https://clinicaltrials.gov/study/NCT00599937
CHEMBL1657	TAZAROTENE	True	3.0	Completed	EFO_0000676	psoriasis	ClinicalTrials: https://clinicaltrials.gov/study/NCT02160665; ClinicalTrials: https://clinicaltrials.gov/study/NCT02886702
CHEMBL547	ISOTRETINOIN	True	3.0	Active, not recruiting	EFO_0000621	neuroblastoma	ClinicalTrials: https://clinicaltrials.gov/study/NCT00026312; ClinicalTrials: https://clinicaltrials.gov/study/NCT03126916
CHEMBL547	ISOTRETINOIN	True	3.0	Unknown status	EFO_0000621	neuroblastoma	ClinicalTrials: https://clinicaltrials.gov/study/NCT00410631; ClinicalTrials: https://clinicaltrials.gov/study/NCT00030719
CHEMBL547	ISOTRETINOIN	True	3.0	Active, not recruiting	EFO_0000502	ganglioneuroblastoma	ClinicalTrials: https://clinicaltrials.gov/study/NCT03126916
CHEMBL547	ISOTRETINOIN	True	3.0	Recruiting	EFO_0000502	ganglioneuroblastoma	ClinicalTrials: https://clinicaltrials.gov/study/NCT06172296
CHEMBL38	TRETINOIN	True	3.0	Completed	EFO_0000565	leukemia	ClinicalTrials: https://clinicaltrials.gov/study/NCT00005863; ClinicalTrials: https://clinicaltrials.gov/study/NCT00005823; ClinicalTrials: https://clinicaltrials.gov/study/NCT00482833; ClinicalTrials: https://clinicaltrials.gov/study/NCT00492856
CHEMBL38	TRETINOIN	True	3.0	Unknown status	EFO_0000565	leukemia	ClinicalTrials: https://clinicaltrials.gov/study/NCT00002658; ClinicalTrials: https://clinicaltrials.gov/study/NCT00002701
CHEMBL38	TRETINOIN	True	3.0	Completed	EFO_0002427	myeloid neoplasm	ClinicalTrials: https://clinicaltrials.gov/study/NCT00866918
CHEMBL547	ISOTRETINOIN	True	3.0	Completed	EFO_0000621	neuroblastoma	ClinicalTrials: https://clinicaltrials.gov/study/NCT00499616; ClinicalTrials: https://clinicaltrials.gov/study/NCT01041638; ClinicalTrials: https://clinicaltrials.gov/study/NCT00567567; ClinicalTrials: https://clinicaltrials.gov/study/NCT00004188
CHEMBL547	ISOTRETINOIN	True	3.0	Recruiting	EFO_0000621	neuroblastoma	ClinicalTrials: https://clinicaltrials.gov/study/NCT06172296
CHEMBL1131	ACITRETIN	True	3.0	Completed	EFO_0000676	psoriasis	ClinicalTrials: https://clinicaltrials.gov/study/NCT00002143
CHEMBL38	TRETINOIN	True	3.0	Unknown status	EFO_0003060	non-small cell lung carcinoma	ClinicalTrials: https://clinicaltrials.gov/study/NCT01041833
CHEMBL547	ISOTRETINOIN	True	3.0	Completed	EFO_0003833	brain neoplasm	ClinicalTrials: https://clinicaltrials.gov/study/NCT00078988
CHEMBL38	TRETINOIN	True	3.0	Completed	EFO_0000707	squamous cell carcinoma	ClinicalTrials: https://clinicaltrials.gov/study/NCT00007631
CHEMBL1265	ADAPALENE	True	3.0	Completed	EFO_0003894	acne	ClinicalTrials: https://clinicaltrials.gov/study/NCT01910064; ClinicalTrials: https://clinicaltrials.gov/study/NCT00599521; ClinicalTrials: https://clinicaltrials.gov/study/NCT03393494; ClinicalTrials: https://clinicaltrials.gov/study/NCT02173054; ClinicalTrials: https://clinicaltrials.gov/study/NCT01880320; ClinicalTrials: https://clinicaltrials.gov/study/NCT02073448; ClinicalTrials: https://clinicaltrials.gov/study/NCT00421993; ClinicalTrials: https://clinicaltrials.gov/study/NCT03615768; ClinicalTrials: https://clinicaltrials.gov/study/NCT00441415; ClinicalTrials: https://clinicaltrials.gov/study/NCT02651220; ClinicalTrials: https://clinicaltrials.gov/study/NCT03650361; ClinicalTrials: https://clinicaltrials.gov/study/NCT01014689; ClinicalTrials: https://clinicaltrials.gov/study/NCT00422240; ClinicalTrials: https://clinicaltrials.gov/study/NCT00151541; ClinicalTrials: https://clinicaltrials.gov/study/NCT00687908; ClinicalTrials: https://clinicaltrials.gov/study/NCT00446043; ClinicalTrials: https://clinicaltrials.gov/study/NCT02932267; ClinicalTrials: https://clinicaltrials.gov/study/NCT00598832; ClinicalTrials: https://clinicaltrials.gov/study/NCT00883233; ClinicalTrials: https://clinicaltrials.gov/study/NCT02525549; ClinicalTrials: https://clinicaltrials.gov/study/NCT00688064
CHEMBL1657	TAZAROTENE	True	3.0	Completed	EFO_0003894	acne	ClinicalTrials: https://clinicaltrials.gov/study/NCT03168334; ClinicalTrials: https://clinicaltrials.gov/study/NCT02160678; ClinicalTrials: https://clinicaltrials.gov/study/NCT03292640; ClinicalTrials: https://clinicaltrials.gov/study/NCT02267746; ClinicalTrials: https://clinicaltrials.gov/study/NCT02886715; ClinicalTrials: https://clinicaltrials.gov/study/NCT03168321; ClinicalTrials: https://clinicaltrials.gov/study/NCT01017120; ClinicalTrials: https://clinicaltrials.gov/study/NCT01017146
CHEMBL3707313	TRIFAROTENE	True	3.0	Completed	EFO_0003894	acne	ClinicalTrials: https://clinicaltrials.gov/study/NCT02566369; ClinicalTrials: https://clinicaltrials.gov/study/NCT02189629; ClinicalTrials: https://clinicaltrials.gov/study/NCT03915860; ClinicalTrials: https://clinicaltrials.gov/study/NCT02556788; ClinicalTrials: https://clinicaltrials.gov/study/NCT05550337
CHEMBL38	TRETINOIN	True	3.0	Completed	EFO_0003894	acne	ClinicalTrials: https://clinicaltrials.gov/study/NCT00891982; ClinicalTrials: https://clinicaltrials.gov/study/NCT01243450; ClinicalTrials: https://clinicaltrials.gov/study/NCT00838812; ClinicalTrials: https://clinicaltrials.gov/study/NCT00689117; ClinicalTrials: https://clinicaltrials.gov/study/NCT02249767; ClinicalTrials: https://clinicaltrials.gov/study/NCT01135069
CHEMBL38	TRETINOIN	True	3.0	Completed	EFO_0004193	basal cell carcinoma	ClinicalTrials: https://clinicaltrials.gov/study/NCT00007631
CHEMBL38	TRETINOIN	True	3.0	Completed	EFO_0004198	skin neoplasm	ClinicalTrials: https://clinicaltrials.gov/study/NCT00007631
CHEMBL547	ISOTRETINOIN	True	3.0	Active, not recruiting	EFO_0002939	medulloblastoma	ClinicalTrials: https://clinicaltrials.gov/study/NCT00392327
CHEMBL38	TRETINOIN	True	3.0	Withdrawn	EFO_0007160	autoimmune thrombocytopenic purpura	ClinicalTrials: https://clinicaltrials.gov/study/NCT01882127
CHEMBL1265	ADAPALENE	True	3.0	Withdrawn	EFO_0007375	molluscum contagiosum	ClinicalTrials: https://clinicaltrials.gov/study/NCT05536882
CHEMBL547	ISOTRETINOIN	True	3.0	Completed	EFO_1000158	Central Nervous System Neoplasm	ClinicalTrials: https://clinicaltrials.gov/study/NCT00078988
CHEMBL547	ISOTRETINOIN	True	3.0	Withdrawn	EFO_1000158	Central Nervous System Neoplasm	ClinicalTrials: https://clinicaltrials.gov/study/NCT00003564
CHEMBL547	ISOTRETINOIN	True	3.0	Completed	EFO_0003894	acne	ClinicalTrials: https://clinicaltrials.gov/study/NCT06451237; ClinicalTrials: https://clinicaltrials.gov/study/NCT00975143; ClinicalTrials: https://clinicaltrials.gov/study/NCT01474590
CHEMBL1265	ADAPALENE	True	3.0	Not yet recruiting	EFO_0003894	acne	ClinicalTrials: https://clinicaltrials.gov/study/NCT04329403
CHEMBL1265	ADAPALENE	True	3.0	Withdrawn	EFO_0003894	acne	ClinicalTrials: https://clinicaltrials.gov/study/NCT02716090
CHEMBL38	TRETINOIN	True	3.0	Recruiting	EFO_0003894	acne	ClinicalTrials: https://clinicaltrials.gov/study/NCT06242288
CHEMBL38	TRETINOIN	True	3.0	Completed	EFO_0004251	myeloproliferative disorder	ClinicalTrials: https://clinicaltrials.gov/study/NCT00005863; ClinicalTrials: https://clinicaltrials.gov/study/NCT00005823
CHEMBL38	TRETINOIN	True	3.0	Recruiting	EFO_0007160	autoimmune thrombocytopenic purpura	ClinicalTrials: https://clinicaltrials.gov/study/NCT05438875
CHEMBL547	ISOTRETINOIN	True	3.0	Completed	EFO_0006859	head and neck malignant neoplasia	ClinicalTrials: https://clinicaltrials.gov/study/NCT03370367; ClinicalTrials: https://clinicaltrials.gov/study/NCT00054561
CHEMBL705	ALITRETINOIN	True	3.0	Completed	EFO_1000706	hand dermatosis	ClinicalTrials: https://clinicaltrials.gov/study/NCT00124475; ClinicalTrials: https://clinicaltrials.gov/study/NCT00309621; ClinicalTrials: https://clinicaltrials.gov/study/NCT00124436
CHEMBL38	TRETINOIN	True	3.0	Terminated	EFO_1000760	rosacea	ClinicalTrials: https://clinicaltrials.gov/study/NCT01125930
CHEMBL547	ISOTRETINOIN	True	3.0	Completed	EFO_1000760	rosacea	ClinicalTrials: https://clinicaltrials.gov/study/NCT00882531
CHEMBL547	ISOTRETINOIN	True	3.0	Completed	EFO_1000910	dysplasia of cervix	ClinicalTrials: https://clinicaltrials.gov/study/NCT00001073
CHEMBL705	ALITRETINOIN	True	3.0	Completed	HP_0000964	Eczematoid dermatitis	ClinicalTrials: https://clinicaltrials.gov/study/NCT05259722; ClinicalTrials: https://clinicaltrials.gov/study/NCT00519675; ClinicalTrials: https://clinicaltrials.gov/study/NCT00817063
CHEMBL705	ALITRETINOIN	True	3.0	Unknown status	HP_0000964	Eczematoid dermatitis	ClinicalTrials: https://clinicaltrials.gov/study/NCT03026907; ClinicalTrials: https://clinicaltrials.gov/study/NCT03026946
CHEMBL38	TRETINOIN	True	3.0	Not yet recruiting	MONDO_0007254	breast cancer	ClinicalTrials: https://clinicaltrials.gov/study/NCT05016349
CHEMBL547	ISOTRETINOIN	True	3.0	Not yet recruiting	MONDO_0007254	breast cancer	ClinicalTrials: https://clinicaltrials.gov/study/NCT05016349
CHEMBL2105648	PALOVAROTENE	True	3.0	Active, not recruiting	MONDO_0007606	fibrodysplasia ossificans progressiva	ClinicalTrials: https://clinicaltrials.gov/study/NCT05027802
CHEMBL2105648	PALOVAROTENE	True	3.0	Completed	MONDO_0007606	fibrodysplasia ossificans progressiva	ClinicalTrials: https://clinicaltrials.gov/study/NCT03312634
CHEMBL547	ISOTRETINOIN	True	3.0	Completed	MONDO_0002367	kidney cancer	ClinicalTrials: https://clinicaltrials.gov/study/NCT00002737
CHEMBL547	ISOTRETINOIN	True	3.0	Withdrawn	MONDO_0008903	lung cancer	ClinicalTrials: https://clinicaltrials.gov/study/NCT00003599
CHEMBL547	ISOTRETINOIN	True	3.0	Not yet recruiting	MONDO_0100096	COVID-19	ClinicalTrials: https://clinicaltrials.gov/study/NCT04361422; ClinicalTrials: https://clinicaltrials.gov/study/NCT04353180
CHEMBL547	ISOTRETINOIN	True	2.0	Completed	EFO_0000180	HIV-1 infection	ClinicalTrials: https://clinicaltrials.gov/study/NCT01969058
CHEMBL38	TRETINOIN	True	2.0	Completed	EFO_0000198	myelodysplastic syndrome	ClinicalTrials: https://clinicaltrials.gov/study/NCT00439673; ClinicalTrials: https://clinicaltrials.gov/study/NCT00326170; ClinicalTrials: https://clinicaltrials.gov/study/NCT00136461
CHEMBL38	TRETINOIN	True	2.0	Unknown status	EFO_0000198	myelodysplastic syndrome	ClinicalTrials: https://clinicaltrials.gov/study/NCT03356080
CHEMBL38	TRETINOIN	True	2.0	Completed	EFO_0000224	acute promyelocytic leukemia	ClinicalTrials: https://clinicaltrials.gov/study/NCT01404949; ClinicalTrials: https://clinicaltrials.gov/study/NCT00413166
CHEMBL38	TRETINOIN	True	2.0	Recruiting	EFO_0000198	myelodysplastic syndrome	ClinicalTrials: https://clinicaltrials.gov/study/NCT05175508
CHEMBL38	TRETINOIN	True	2.0	Completed	EFO_0000222	acute myeloid leukemia	ClinicalTrials: https://clinicaltrials.gov/study/NCT00151242; ClinicalTrials: https://clinicaltrials.gov/study/NCT00143975; ClinicalTrials: https://clinicaltrials.gov/study/NCT00867672; ClinicalTrials: https://clinicaltrials.gov/study/NCT00326170; ClinicalTrials: https://clinicaltrials.gov/study/NCT00136461
CHEMBL38	TRETINOIN	True	2.0	Terminated	EFO_0000222	acute myeloid leukemia	ClinicalTrials: https://clinicaltrials.gov/study/NCT02942758
CHEMBL38	TRETINOIN	True	2.0	Completed	EFO_0000231	adenoid cystic carcinoma	ClinicalTrials: https://clinicaltrials.gov/study/NCT03999684
CHEMBL547	ISOTRETINOIN	True	2.0	Completed	EFO_0000279	azoospermia	ClinicalTrials: https://clinicaltrials.gov/study/NCT03323801
CHEMBL38	TRETINOIN	True	2.0	Recruiting	EFO_0000222	acute myeloid leukemia	ClinicalTrials: https://clinicaltrials.gov/study/NCT05175508
CHEMBL38	TRETINOIN	True	2.0	Unknown status	EFO_0000222	acute myeloid leukemia	ClinicalTrials: https://clinicaltrials.gov/study/NCT03356080
CHEMBL38	TRETINOIN	True	2.0	Recruiting	EFO_0000224	acute promyelocytic leukemia	ClinicalTrials: https://clinicaltrials.gov/study/NCT01064570; ClinicalTrials: https://clinicaltrials.gov/study/NCT01409161; ClinicalTrials: https://clinicaltrials.gov/study/NCT04793919; ClinicalTrials: https://clinicaltrials.gov/study/NCT03624270
CHEMBL547	ISOTRETINOIN	True	2.0	Completed	EFO_0000519	glioblastoma multiforme	ClinicalTrials: https://clinicaltrials.gov/study/NCT00112502
CHEMBL38	TRETINOIN	True	2.0	Completed	EFO_0000464	emphysema	ClinicalTrials: https://clinicaltrials.gov/study/NCT00000621
CHEMBL547	ISOTRETINOIN	True	2.0	Completed	EFO_0000464	emphysema	ClinicalTrials: https://clinicaltrials.gov/study/NCT00000621
CHEMBL38	TRETINOIN	True	2.0	Completed	EFO_0000389	cutaneous melanoma	ClinicalTrials: https://clinicaltrials.gov/study/NCT00003601
CHEMBL38	TRETINOIN	True	2.0	Completed	EFO_0000574	lymphoma	ClinicalTrials: https://clinicaltrials.gov/study/NCT00002479
CHEMBL547	ISOTRETINOIN	True	2.0	Completed	EFO_0000574	lymphoma	ClinicalTrials: https://clinicaltrials.gov/study/NCT00038376
CHEMBL547	ISOTRETINOIN	True	2.0	Active, not recruiting	EFO_0000621	neuroblastoma	ClinicalTrials: https://clinicaltrials.gov/study/NCT03786783; ClinicalTrials: https://clinicaltrials.gov/study/NCT04385277; ClinicalTrials: https://clinicaltrials.gov/study/NCT03033303; ClinicalTrials: https://clinicaltrials.gov/study/NCT01857934
CHEMBL547	ISOTRETINOIN	True	2.0	Unknown status	EFO_0000621	neuroblastoma	ClinicalTrials: https://clinicaltrials.gov/study/NCT02771743
CHEMBL547	ISOTRETINOIN	True	2.0	Withdrawn	EFO_0000621	neuroblastoma	ClinicalTrials: https://clinicaltrials.gov/study/NCT04909515
CHEMBL705	ALITRETINOIN	True	2.0	Completed	EFO_0000676	psoriasis	ClinicalTrials: https://clinicaltrials.gov/study/NCT01245140
CHEMBL547	ISOTRETINOIN	True	2.0	Active, not recruiting	EFO_0000502	ganglioneuroblastoma	ClinicalTrials: https://clinicaltrials.gov/study/NCT04385277; ClinicalTrials: https://clinicaltrials.gov/study/NCT03786783
CHEMBL38	TRETINOIN	True	2.0	Completed	EFO_0000702	small cell lung carcinoma	ClinicalTrials: https://clinicaltrials.gov/study/NCT00617409
CHEMBL38	TRETINOIN	True	2.0	Withdrawn	EFO_0000574	lymphoma	ClinicalTrials: https://clinicaltrials.gov/study/NCT00005969
CHEMBL38	TRETINOIN	True	2.0	Completed	EFO_0000565	leukemia	ClinicalTrials: https://clinicaltrials.gov/study/NCT00276601; ClinicalTrials: https://clinicaltrials.gov/study/NCT00551460; ClinicalTrials: https://clinicaltrials.gov/study/NCT00016159
CHEMBL38	TRETINOIN	True	2.0	Terminated	EFO_0000565	leukemia	ClinicalTrials: https://clinicaltrials.gov/study/NCT00528450
CHEMBL547	ISOTRETINOIN	True	2.0	Withdrawn	EFO_0000565	leukemia	ClinicalTrials: https://clinicaltrials.gov/study/NCT00003405
CHEMBL1657	TAZAROTENE	True	2.0	Recruiting	EFO_0000768	idiopathic pulmonary fibrosis	ClinicalTrials: https://clinicaltrials.gov/study/NCT06331624
CHEMBL38	TRETINOIN	True	2.0	Recruiting	EFO_0001378	multiple myeloma	ClinicalTrials: https://clinicaltrials.gov/study/NCT06158412
CHEMBL38	TRETINOIN	True	2.0	Completed	EFO_0002496	actinic keratosis	ClinicalTrials: https://clinicaltrials.gov/study/NCT02278861
CHEMBL38	TRETINOIN	True	2.0	Completed	EFO_0000621	neuroblastoma	ClinicalTrials: https://clinicaltrials.gov/study/NCT00017225
CHEMBL38	TRETINOIN	True	2.0	Terminated	EFO_0000621	neuroblastoma	ClinicalTrials: https://clinicaltrials.gov/study/NCT02641782
CHEMBL547	ISOTRETINOIN	True	2.0	Completed	EFO_0001378	multiple myeloma	ClinicalTrials: https://clinicaltrials.gov/study/NCT00021359
CHEMBL547	ISOTRETINOIN	True	2.0	Completed	EFO_0000621	neuroblastoma	ClinicalTrials: https://clinicaltrials.gov/study/NCT00004110; ClinicalTrials: https://clinicaltrials.gov/study/NCT00017368; ClinicalTrials: https://clinicaltrials.gov/study/NCT00040872; ClinicalTrials: https://clinicaltrials.gov/study/NCT01334515; ClinicalTrials: https://clinicaltrials.gov/study/NCT00089258
CHEMBL547	ISOTRETINOIN	True	2.0	Terminated	EFO_0000621	neuroblastoma	ClinicalTrials: https://clinicaltrials.gov/study/NCT00808899; ClinicalTrials: https://clinicaltrials.gov/study/NCT00969722
CHEMBL1657	TAZAROTENE	True	2.0	Completed	EFO_0000676	psoriasis	ClinicalTrials: https://clinicaltrials.gov/study/NCT02235480; ClinicalTrials: https://clinicaltrials.gov/study/NCT02785159
CHEMBL38	TRETINOIN	True	2.0	Completed	EFO_0000673	prostate adenocarcinoma	ClinicalTrials: https://clinicaltrials.gov/study/NCT03572387
CHEMBL1131	ACITRETIN	True	2.0	Completed	EFO_0000676	psoriasis	ClinicalTrials: https://clinicaltrials.gov/study/NCT00395941; ClinicalTrials: https://clinicaltrials.gov/study/NCT00156247
CHEMBL38	TRETINOIN	True	2.0	Completed	EFO_0003060	non-small cell lung carcinoma	ClinicalTrials: https://clinicaltrials.gov/study/NCT01048645
CHEMBL1657	TAZAROTENE	True	2.0	Terminated	EFO_0000701	skin disease	ClinicalTrials: https://clinicaltrials.gov/study/NCT00667589
CHEMBL38	TRETINOIN	True	2.0	Completed	EFO_0000756	melanoma	ClinicalTrials: https://clinicaltrials.gov/study/NCT02403778
CHEMBL1131	ACITRETIN	True	2.0	Terminated	EFO_0000756	melanoma	ClinicalTrials: https://clinicaltrials.gov/study/NCT02050321
CHEMBL1657	TAZAROTENE	True	2.0	Completed	EFO_0003894	acne	ClinicalTrials: https://clinicaltrials.gov/study/NCT03341910; ClinicalTrials: https://clinicaltrials.gov/study/NCT00713609; ClinicalTrials: https://clinicaltrials.gov/study/NCT03599193; ClinicalTrials: https://clinicaltrials.gov/study/NCT02938494; ClinicalTrials: https://clinicaltrials.gov/study/NCT01616654
CHEMBL3707313	TRIFAROTENE	True	2.0	Completed	EFO_0003894	acne	ClinicalTrials: https://clinicaltrials.gov/study/NCT01616654
CHEMBL547	ISOTRETINOIN	True	2.0	Active, not recruiting	EFO_0003894	acne	ClinicalTrials: https://clinicaltrials.gov/study/NCT04870489
CHEMBL38	TRETINOIN	True	2.0	Recruiting	EFO_0003869	breast neoplasm	ClinicalTrials: https://clinicaltrials.gov/study/NCT04113863
CHEMBL547	ISOTRETINOIN	True	2.0	Completed	EFO_0004236	focal segmental glomerulosclerosis	ClinicalTrials: https://clinicaltrials.gov/study/NCT00098020
CHEMBL38	TRETINOIN	True	2.0	Terminated	EFO_0001378	multiple myeloma	ClinicalTrials: https://clinicaltrials.gov/study/NCT04700176
CHEMBL38	TRETINOIN	True	2.0	Terminated	EFO_0004268	sclerosing cholangitis	ClinicalTrials: https://clinicaltrials.gov/study/NCT03359174
CHEMBL38	TRETINOIN	True	2.0	Withdrawn	EFO_0004826	anti-neutrophil antibody associated vasculitis	ClinicalTrials: https://clinicaltrials.gov/study/NCT01275274
CHEMBL547	ISOTRETINOIN	True	2.0	Completed	EFO_0002496	actinic keratosis	ClinicalTrials: https://clinicaltrials.gov/study/NCT02278861
CHEMBL38	TRETINOIN	True	2.0	Active, not recruiting	EFO_0007160	autoimmune thrombocytopenic purpura	ClinicalTrials: https://clinicaltrials.gov/study/NCT03304288
CHEMBL38	TRETINOIN	True	2.0	Completed	EFO_0007160	autoimmune thrombocytopenic purpura	ClinicalTrials: https://clinicaltrials.gov/study/NCT04217148
CHEMBL705	ALITRETINOIN	True	2.0	Unknown status	EFO_1000726	lichen planus	ClinicalTrials: https://clinicaltrials.gov/study/NCT01538732
CHEMBL705	ALITRETINOIN	True	2.0	Terminated	EFO_0003834	cutaneous lupus erythematosus	ClinicalTrials: https://clinicaltrials.gov/study/NCT01407679
CHEMBL38	TRETINOIN	True	2.0	Completed	EFO_1000760	rosacea	ClinicalTrials: https://clinicaltrials.gov/study/NCT00621218; ClinicalTrials: https://clinicaltrials.gov/study/NCT00823901
CHEMBL547	ISOTRETINOIN	True	2.0	Completed	EFO_1000158	Central Nervous System Neoplasm	ClinicalTrials: https://clinicaltrials.gov/study/NCT00112502
CHEMBL547	ISOTRETINOIN	True	2.0	Completed	EFO_1001051	mycosis fungoides	ClinicalTrials: https://clinicaltrials.gov/study/NCT00038376
CHEMBL1265	ADAPALENE	True	2.0	Completed	EFO_0003894	acne	ClinicalTrials: https://clinicaltrials.gov/study/NCT01106807; ClinicalTrials: https://clinicaltrials.gov/study/NCT01245946; ClinicalTrials: https://clinicaltrials.gov/study/NCT01213199; ClinicalTrials: https://clinicaltrials.gov/study/NCT03034460; ClinicalTrials: https://clinicaltrials.gov/study/NCT04104685
CHEMBL1265	ADAPALENE	True	2.0	Not yet recruiting	EFO_0003894	acne	ClinicalTrials: https://clinicaltrials.gov/study/NCT05899699
CHEMBL1657	TAZAROTENE	True	2.0	Unknown status	EFO_0003894	acne	ClinicalTrials: https://clinicaltrials.gov/study/NCT02525822
CHEMBL38	TRETINOIN	True	2.0	Completed	EFO_0003894	acne	ClinicalTrials: https://clinicaltrials.gov/study/NCT00907335
CHEMBL38	TRETINOIN	True	2.0	Active, not recruiting	EFO_0003963	freckles	ClinicalTrials: https://clinicaltrials.gov/study/NCT06013540
CHEMBL38	TRETINOIN	True	2.0	Suspended	EFO_0003963	freckles	ClinicalTrials: https://clinicaltrials.gov/study/NCT00717652
CHEMBL38	TRETINOIN	True	2.0	Not yet recruiting	EFO_0007160	autoimmune thrombocytopenic purpura	ClinicalTrials: https://clinicaltrials.gov/study/NCT04618328
CHEMBL547	ISOTRETINOIN	True	2.0	Unknown status	EFO_0007512	tinea pedis	ClinicalTrials: https://clinicaltrials.gov/study/NCT03471455
CHEMBL1131	ACITRETIN	True	2.0	Completed	MONDO_0002406	dermatitis	ClinicalTrials: https://clinicaltrials.gov/study/NCT01545284
CHEMBL1657	TAZAROTENE	True	2.0	Completed	EFO_0009259	skin carcinoma	ClinicalTrials: https://clinicaltrials.gov/study/NCT00783965
CHEMBL547	ISOTRETINOIN	True	2.0	Terminated	MONDO_0002974	cervical cancer	ClinicalTrials: https://clinicaltrials.gov/study/NCT00138151
CHEMBL547	ISOTRETINOIN	True	2.0	Completed	EFO_1000309	Juvenile Myelomonocytic Leukemia	ClinicalTrials: https://clinicaltrials.gov/study/NCT00025038
CHEMBL547	ISOTRETINOIN	True	2.0	Completed	EFO_1001006	Klinefelter's syndrome	ClinicalTrials: https://clinicaltrials.gov/study/NCT02061384
CHEMBL1131	ACITRETIN	True	2.0	Unknown status	EFO_1001494	psoriasis vulgaris	ClinicalTrials: https://clinicaltrials.gov/study/NCT02715960
CHEMBL38	TRETINOIN	True	2.0	Completed	HP_0001065	Striae distensae	ClinicalTrials: https://clinicaltrials.gov/study/NCT05461755
CHEMBL38	TRETINOIN	True	2.0	Not yet recruiting	MONDO_0002280	anemia	ClinicalTrials: https://clinicaltrials.gov/study/NCT04324411
CHEMBL2105648	PALOVAROTENE	True	2.0	Terminated	MONDO_0007606	fibrodysplasia ossificans progressiva	ClinicalTrials: https://clinicaltrials.gov/study/NCT02521792
CHEMBL38	TRETINOIN	True	2.0	Completed	MONDO_0002367	kidney cancer	ClinicalTrials: https://clinicaltrials.gov/study/NCT00003656; ClinicalTrials: https://clinicaltrials.gov/study/NCT00100906
CHEMBL1131	ACITRETIN	True	2.0	Completed	MONDO_0004975	Alzheimer disease	ClinicalTrials: https://clinicaltrials.gov/study/NCT01078168
CHEMBL547	ISOTRETINOIN	True	2.0	Terminated	MONDO_0008315	prostate cancer	ClinicalTrials: https://clinicaltrials.gov/study/NCT00176527
CHEMBL547	ISOTRETINOIN	True	2.0	Completed	MONDO_0008903	lung cancer	ClinicalTrials: https://clinicaltrials.gov/study/NCT00062010; ClinicalTrials: https://clinicaltrials.gov/study/NCT00002586
CHEMBL38	TRETINOIN	True	2.0	Completed	MONDO_0008903	lung cancer	ClinicalTrials: https://clinicaltrials.gov/study/NCT00601796
CHEMBL38	TRETINOIN	True	2.0	Unknown status	MONDO_0008903	lung cancer	ClinicalTrials: https://clinicaltrials.gov/study/NCT00005825; ClinicalTrials: https://clinicaltrials.gov/study/NCT00514293
CHEMBL3707313	TRIFAROTENE	True	2.0	Terminated	MONDO_0017778	lamellar ichthyosis	ClinicalTrials: https://clinicaltrials.gov/study/NCT03738800
CHEMBL38	TRETINOIN	True	2.0	Not yet recruiting	MONDO_0018076	tuberculosis	ClinicalTrials: https://clinicaltrials.gov/study/NCT05077813
CHEMBL38	TRETINOIN	True	2.0	Recruiting	MONDO_0005575	colorectal cancer	ClinicalTrials: https://clinicaltrials.gov/study/NCT05999812
CHEMBL38	TRETINOIN	True	2.0	Completed	MONDO_0019098	autoimmune thrombocytopenia	ClinicalTrials: https://clinicaltrials.gov/study/NCT01667263
CHEMBL1657	TAZAROTENE	True	2.0	Completed	MONDO_0021058	neoplastic syndrome	ClinicalTrials: https://clinicaltrials.gov/study/NCT00489086
CHEMBL38	TRETINOIN	True	2.0	Completed	MONDO_0023619	lentigo maligna melanoma	ClinicalTrials: https://clinicaltrials.gov/study/NCT00975312
CHEMBL2105648	PALOVAROTENE	True	2.0	Completed	MONDO_0007606	fibrodysplasia ossificans progressiva	ClinicalTrials: https://clinicaltrials.gov/study/NCT02979769; ClinicalTrials: https://clinicaltrials.gov/study/NCT02190747; ClinicalTrials: https://clinicaltrials.gov/study/NCT02279095
CHEMBL547	ISOTRETINOIN	True	2.0	Completed	MONDO_0008315	prostate cancer	ClinicalTrials: https://clinicaltrials.gov/study/NCT00005847
CHEMBL38	TRETINOIN	True	2.0	Completed	MONDO_0008315	prostate cancer	ClinicalTrials: https://clinicaltrials.gov/study/NCT03572387
CHEMBL38	TRETINOIN	True	2.0	Not yet recruiting	MONDO_0100096	COVID-19	ClinicalTrials: https://clinicaltrials.gov/study/NCT04568096; ClinicalTrials: https://clinicaltrials.gov/study/NCT04396067
CHEMBL547	ISOTRETINOIN	True	2.0	Not yet recruiting	MONDO_0100096	COVID-19	ClinicalTrials: https://clinicaltrials.gov/study/NCT04578236; ClinicalTrials: https://clinicaltrials.gov/study/NCT04577378; ClinicalTrials: https://clinicaltrials.gov/study/NCT04389580; ClinicalTrials: https://clinicaltrials.gov/study/NCT04396067
CHEMBL547	ISOTRETINOIN	True	2.0	Not yet recruiting	MONDO_0018076	tuberculosis	ClinicalTrials: https://clinicaltrials.gov/study/NCT05077813
CHEMBL705	ALITRETINOIN	True	2.0	Not yet recruiting	MONDO_0018076	tuberculosis	ClinicalTrials: https://clinicaltrials.gov/study/NCT05077813
CHEMBL547	ISOTRETINOIN	True	2.0	Completed	MONDO_0019269	ichthyosis	ClinicalTrials: https://clinicaltrials.gov/study/NCT04154293; ClinicalTrials: https://clinicaltrials.gov/study/NCT02864082
CHEMBL38	TRETINOIN	True	1.0	Not yet recruiting	EFO_0000198	myelodysplastic syndrome	ClinicalTrials: https://clinicaltrials.gov/study/NCT06020833
CHEMBL547	ISOTRETINOIN	True	1.0	Completed	EFO_0000198	myelodysplastic syndrome	ClinicalTrials: https://clinicaltrials.gov/study/NCT01020539
CHEMBL38	TRETINOIN	True	1.0	Terminated	EFO_0000200	plasma cell neoplasm	ClinicalTrials: https://clinicaltrials.gov/study/NCT00006220
CHEMBL547	ISOTRETINOIN	True	1.0	Completed	EFO_0000183	Hodgkins lymphoma	ClinicalTrials: https://clinicaltrials.gov/study/NCT00217412
CHEMBL38	TRETINOIN	True	1.0	Recruiting	EFO_0000224	acute promyelocytic leukemia	ClinicalTrials: https://clinicaltrials.gov/study/NCT05497310
CHEMBL547	ISOTRETINOIN	True	1.0	Completed	EFO_0000224	acute promyelocytic leukemia	ClinicalTrials: https://clinicaltrials.gov/study/NCT00217412
CHEMBL38	TRETINOIN	True	1.0	Completed	EFO_0000198	myelodysplastic syndrome	ClinicalTrials: https://clinicaltrials.gov/study/NCT02842827; ClinicalTrials: https://clinicaltrials.gov/study/NCT01575691; ClinicalTrials: https://clinicaltrials.gov/study/NCT00892190; ClinicalTrials: https://clinicaltrials.gov/study/NCT00006239; ClinicalTrials: https://clinicaltrials.gov/study/NCT02273102; ClinicalTrials: https://clinicaltrials.gov/study/NCT00382200
CHEMBL38	TRETINOIN	True	1.0	Terminated	EFO_0000198	myelodysplastic syndrome	ClinicalTrials: https://clinicaltrials.gov/study/NCT00006220; ClinicalTrials: https://clinicaltrials.gov/study/NCT03259516
CHEMBL38	TRETINOIN	True	1.0	Unknown status	EFO_0000198	myelodysplastic syndrome	ClinicalTrials: https://clinicaltrials.gov/study/NCT02717884
CHEMBL38	TRETINOIN	True	1.0	Completed	EFO_0000222	acute myeloid leukemia	ClinicalTrials: https://clinicaltrials.gov/study/NCT00892190; ClinicalTrials: https://clinicaltrials.gov/study/NCT00175812; ClinicalTrials: https://clinicaltrials.gov/study/NCT01575691; ClinicalTrials: https://clinicaltrials.gov/study/NCT01161550; ClinicalTrials: https://clinicaltrials.gov/study/NCT02273102; ClinicalTrials: https://clinicaltrials.gov/study/NCT02842827
CHEMBL38	TRETINOIN	True	1.0	Recruiting	EFO_0000222	acute myeloid leukemia	ClinicalTrials: https://clinicaltrials.gov/study/NCT05297123
CHEMBL547	ISOTRETINOIN	True	1.0	Completed	EFO_0000222	acute myeloid leukemia	ClinicalTrials: https://clinicaltrials.gov/study/NCT01020539
CHEMBL547	ISOTRETINOIN	True	1.0	Completed	EFO_0000339	chronic myelogenous leukemia	ClinicalTrials: https://clinicaltrials.gov/study/NCT00217412
CHEMBL38	TRETINOIN	True	1.0	Active, not recruiting	EFO_0000222	acute myeloid leukemia	ClinicalTrials: https://clinicaltrials.gov/study/NCT04282668
CHEMBL38	TRETINOIN	True	1.0	Unknown status	EFO_0000222	acute myeloid leukemia	ClinicalTrials: https://clinicaltrials.gov/study/NCT03031249; ClinicalTrials: https://clinicaltrials.gov/study/NCT02261779; ClinicalTrials: https://clinicaltrials.gov/study/NCT02717884
CHEMBL38	TRETINOIN	True	1.0	Not yet recruiting	EFO_0000519	glioblastoma multiforme	ClinicalTrials: https://clinicaltrials.gov/study/NCT06097975
CHEMBL547	ISOTRETINOIN	True	1.0	Active, not recruiting	EFO_0000502	ganglioneuroblastoma	ClinicalTrials: https://clinicaltrials.gov/study/NCT01175356
CHEMBL547	ISOTRETINOIN	True	1.0	Completed	EFO_0000330	childhood acute myeloid leukemia	ClinicalTrials: https://clinicaltrials.gov/study/NCT00217412
CHEMBL547	ISOTRETINOIN	True	1.0	Completed	EFO_0000309	Burkitts lymphoma	ClinicalTrials: https://clinicaltrials.gov/study/NCT00217412
CHEMBL547	ISOTRETINOIN	True	1.0	Terminated	EFO_0000565	leukemia	ClinicalTrials: https://clinicaltrials.gov/study/NCT00609739
CHEMBL38	TRETINOIN	True	1.0	Completed	EFO_0000565	leukemia	ClinicalTrials: https://clinicaltrials.gov/study/NCT02273102; ClinicalTrials: https://clinicaltrials.gov/study/NCT00006239
CHEMBL38	TRETINOIN	True	1.0	Terminated	EFO_0000565	leukemia	ClinicalTrials: https://clinicaltrials.gov/study/NCT02177812; ClinicalTrials: https://clinicaltrials.gov/study/NCT00006220
CHEMBL3707313	TRIFAROTENE	True	1.0	Completed	EFO_0000574	lymphoma	ClinicalTrials: https://clinicaltrials.gov/study/NCT01804335
CHEMBL547	ISOTRETINOIN	True	1.0	Completed	EFO_0000403	diffuse large B-cell lymphoma	ClinicalTrials: https://clinicaltrials.gov/study/NCT00217412
CHEMBL547	ISOTRETINOIN	True	1.0	Completed	EFO_0000616	neoplasm	ClinicalTrials: https://clinicaltrials.gov/study/NCT00334789
CHEMBL547	ISOTRETINOIN	True	1.0	Completed	EFO_0000544	infection	ClinicalTrials: https://clinicaltrials.gov/study/NCT01863615
CHEMBL38	TRETINOIN	True	1.0	Terminated	EFO_0000621	neuroblastoma	ClinicalTrials: https://clinicaltrials.gov/study/NCT00533169
CHEMBL1657	TAZAROTENE	True	1.0	Completed	EFO_0000676	psoriasis	ClinicalTrials: https://clinicaltrials.gov/study/NCT03058744
CHEMBL547	ISOTRETINOIN	True	1.0	Active, not recruiting	EFO_0000621	neuroblastoma	ClinicalTrials: https://clinicaltrials.gov/study/NCT01711554; ClinicalTrials: https://clinicaltrials.gov/study/NCT01175356
CHEMBL547	ISOTRETINOIN	True	1.0	Unknown status	EFO_0000621	neuroblastoma	ClinicalTrials: https://clinicaltrials.gov/study/NCT01701479
CHEMBL547	ISOTRETINOIN	True	1.0	Withdrawn	EFO_0000621	neuroblastoma	ClinicalTrials: https://clinicaltrials.gov/study/NCT01319838
CHEMBL547	ISOTRETINOIN	True	1.0	Active, not recruiting	EFO_0000519	glioblastoma multiforme	ClinicalTrials: https://clinicaltrials.gov/study/NCT00555399
CHEMBL38	TRETINOIN	True	1.0	Recruiting	EFO_0000756	melanoma	ClinicalTrials: https://clinicaltrials.gov/study/NCT04305054
CHEMBL1131	ACITRETIN	True	1.0	Withdrawn	EFO_0000764	HIV infection	ClinicalTrials: https://clinicaltrials.gov/study/NCT03753867
CHEMBL38	TRETINOIN	True	1.0	Terminated	EFO_0000616	neoplasm	ClinicalTrials: https://clinicaltrials.gov/study/NCT02712905; ClinicalTrials: https://clinicaltrials.gov/study/NCT00195156
CHEMBL547	ISOTRETINOIN	True	1.0	Recruiting	EFO_0000616	neoplasm	ClinicalTrials: https://clinicaltrials.gov/study/NCT03611595
CHEMBL547	ISOTRETINOIN	True	1.0	Completed	EFO_0000621	neuroblastoma	ClinicalTrials: https://clinicaltrials.gov/study/NCT00217412; ClinicalTrials: https://clinicaltrials.gov/study/NCT00070200; ClinicalTrials: https://clinicaltrials.gov/study/NCT03291080; ClinicalTrials: https://clinicaltrials.gov/study/NCT01592045; ClinicalTrials: https://clinicaltrials.gov/study/NCT01208454; ClinicalTrials: https://clinicaltrials.gov/study/NCT00005576; ClinicalTrials: https://clinicaltrials.gov/study/NCT05373901
CHEMBL547	ISOTRETINOIN	True	1.0	Terminated	EFO_0000681	renal cell carcinoma	ClinicalTrials: https://clinicaltrials.gov/study/NCT00324740
CHEMBL1657	TAZAROTENE	True	1.0	Unknown status	EFO_0002913	Cutaneous T-cell lymphoma	ClinicalTrials: https://clinicaltrials.gov/study/NCT00779896
CHEMBL1265	ADAPALENE	True	1.0	Completed	EFO_0000701	skin disease	ClinicalTrials: https://clinicaltrials.gov/study/NCT01046396; ClinicalTrials: https://clinicaltrials.gov/study/NCT01046565
CHEMBL38	TRETINOIN	True	1.0	Active, not recruiting	EFO_0000756	melanoma	ClinicalTrials: https://clinicaltrials.gov/study/NCT04305041; ClinicalTrials: https://clinicaltrials.gov/study/NCT03200847; ClinicalTrials: https://clinicaltrials.gov/study/NCT04303169
CHEMBL1265	ADAPALENE	True	1.0	Active, not recruiting	EFO_0003894	acne	ClinicalTrials: https://clinicaltrials.gov/study/NCT05497323
CHEMBL1265	ADAPALENE	True	1.0	Completed	EFO_0003894	acne	ClinicalTrials: https://clinicaltrials.gov/study/NCT01742637; ClinicalTrials: https://clinicaltrials.gov/study/NCT01182636; ClinicalTrials: https://clinicaltrials.gov/study/NCT02593383; ClinicalTrials: https://clinicaltrials.gov/study/NCT02709902; ClinicalTrials: https://clinicaltrials.gov/study/NCT02411942
CHEMBL1657	TAZAROTENE	True	1.0	Completed	EFO_0003894	acne	ClinicalTrials: https://clinicaltrials.gov/study/NCT01114841; ClinicalTrials: https://clinicaltrials.gov/study/NCT02411955; ClinicalTrials: https://clinicaltrials.gov/study/NCT02218034; ClinicalTrials: https://clinicaltrials.gov/study/NCT02849873; ClinicalTrials: https://clinicaltrials.gov/study/NCT01115322; ClinicalTrials: https://clinicaltrials.gov/study/NCT01119651; ClinicalTrials: https://clinicaltrials.gov/study/NCT01112787; ClinicalTrials: https://clinicaltrials.gov/study/NCT01019603
CHEMBL3707313	TRIFAROTENE	True	1.0	Completed	EFO_0003894	acne	ClinicalTrials: https://clinicaltrials.gov/study/NCT06063473
CHEMBL38	TRETINOIN	True	1.0	Completed	EFO_0001378	multiple myeloma	ClinicalTrials: https://clinicaltrials.gov/study/NCT02751255; ClinicalTrials: https://clinicaltrials.gov/study/NCT02401295
CHEMBL38	TRETINOIN	True	1.0	Terminated	EFO_0001378	multiple myeloma	ClinicalTrials: https://clinicaltrials.gov/study/NCT01985477; ClinicalTrials: https://clinicaltrials.gov/study/NCT00006220
CHEMBL547	ISOTRETINOIN	True	1.0	Terminated	EFO_0002501	anaplastic oligodendroglioma	ClinicalTrials: https://clinicaltrials.gov/study/NCT01103375
CHEMBL547	ISOTRETINOIN	True	1.0	Terminated	EFO_0002499	anaplastic astrocytoma	ClinicalTrials: https://clinicaltrials.gov/study/NCT01103375
CHEMBL547	ISOTRETINOIN	True	1.0	Completed	EFO_0002939	medulloblastoma	ClinicalTrials: https://clinicaltrials.gov/study/NCT00217412
CHEMBL38	TRETINOIN	True	1.0	Recruiting	EFO_0003060	non-small cell lung carcinoma	ClinicalTrials: https://clinicaltrials.gov/study/NCT04919369
CHEMBL547	ISOTRETINOIN	True	1.0	Terminated	EFO_0003833	brain neoplasm	ClinicalTrials: https://clinicaltrials.gov/study/NCT01103375
CHEMBL547	ISOTRETINOIN	True	1.0	Completed	EFO_0003894	acne	ClinicalTrials: https://clinicaltrials.gov/study/NCT02498288; ClinicalTrials: https://clinicaltrials.gov/study/NCT00416585; ClinicalTrials: https://clinicaltrials.gov/study/NCT04594759
CHEMBL1131	ACITRETIN	True	1.0	Completed	EFO_1001494	psoriasis vulgaris	ClinicalTrials: https://clinicaltrials.gov/study/NCT05184348
CHEMBL1265	ADAPALENE	True	1.0	Withdrawn	EFO_0003894	acne	ClinicalTrials: https://clinicaltrials.gov/study/NCT01425320
CHEMBL38	TRETINOIN	True	1.0	Completed	EFO_0003894	acne	ClinicalTrials: https://clinicaltrials.gov/study/NCT01929278; ClinicalTrials: https://clinicaltrials.gov/study/NCT01915758
CHEMBL547	ISOTRETINOIN	True	1.0	Recruiting	EFO_0003963	freckles	ClinicalTrials: https://clinicaltrials.gov/study/NCT06201624
CHEMBL38	TRETINOIN	True	1.0	Completed	EFO_0004268	sclerosing cholangitis	ClinicalTrials: https://clinicaltrials.gov/study/NCT01456468
CHEMBL547	ISOTRETINOIN	True	1.0	Completed	MONDO_0000870	childhood acute lymphoblastic leukemia	ClinicalTrials: https://clinicaltrials.gov/study/NCT00217412
CHEMBL547	ISOTRETINOIN	True	1.0	Completed	MONDO_0000873	lymphoblastic lymphoma	ClinicalTrials: https://clinicaltrials.gov/study/NCT00217412
CHEMBL547	ISOTRETINOIN	True	1.0	Terminated	MONDO_0002543	adult oligodendroglioma	ClinicalTrials: https://clinicaltrials.gov/study/NCT01103375
CHEMBL547	ISOTRETINOIN	True	1.0	Terminated	MONDO_0003268	mixed glioma	ClinicalTrials: https://clinicaltrials.gov/study/NCT01103375
CHEMBL38	TRETINOIN	True	1.0	Completed	EFO_1000044	pancreatic adenocarcinoma	ClinicalTrials: https://clinicaltrials.gov/study/NCT03307148
CHEMBL38	TRETINOIN	True	1.0	Completed	MONDO_0004976	amyotrophic lateral sclerosis	ClinicalTrials: https://clinicaltrials.gov/study/NCT00919555
CHEMBL547	ISOTRETINOIN	True	1.0	Completed	EFO_1000690	epidermolysis bullosa	ClinicalTrials: https://clinicaltrials.gov/study/NCT00014729
CHEMBL547	ISOTRETINOIN	True	1.0	Completed	EFO_1000309	Juvenile Myelomonocytic Leukemia	ClinicalTrials: https://clinicaltrials.gov/study/NCT00217412; ClinicalTrials: https://clinicaltrials.gov/study/NCT01020539
CHEMBL2105648	PALOVAROTENE	True	1.0	Completed	EFO_1000906	dry eye syndrome	ClinicalTrials: https://clinicaltrials.gov/study/NCT04762355
CHEMBL547	ISOTRETINOIN	True	1.0	Terminated	EFO_1001465	gliosarcoma	ClinicalTrials: https://clinicaltrials.gov/study/NCT01103375
CHEMBL547	ISOTRETINOIN	True	1.0	Completed	MONDO_0002367	kidney cancer	ClinicalTrials: https://clinicaltrials.gov/study/NCT00003585
CHEMBL547	ISOTRETINOIN	True	1.0	Terminated	MONDO_0004975	Alzheimer disease	ClinicalTrials: https://clinicaltrials.gov/study/NCT01560585
CHEMBL547	ISOTRETINOIN	True	1.0	Recruiting	MONDO_0006058	Wilms tumor	ClinicalTrials: https://clinicaltrials.gov/study/NCT05384821
CHEMBL705	ALITRETINOIN	True	1.0	Completed	MONDO_0007254	breast cancer	ClinicalTrials: https://clinicaltrials.gov/study/NCT00001504
CHEMBL547	ISOTRETINOIN	True	1.0	Terminated	MONDO_0020690	adult glioblastoma	ClinicalTrials: https://clinicaltrials.gov/study/NCT01103375
CHEMBL547	ISOTRETINOIN	True	1.0	Active, not recruiting	MONDO_0021640	grade III glioma	ClinicalTrials: https://clinicaltrials.gov/study/NCT00555399
CHEMBL2105648	PALOVAROTENE	True	1.0	Completed	MONDO_0007606	fibrodysplasia ossificans progressiva	ClinicalTrials: https://clinicaltrials.gov/study/NCT04829786; ClinicalTrials: https://clinicaltrials.gov/study/NCT04829773
CHEMBL38	TRETINOIN	True	1.0	Terminated	MONDO_0044881	hematopoietic and lymphoid cell neoplasm	ClinicalTrials: https://clinicaltrials.gov/study/NCT02712905
CHEMBL547	ISOTRETINOIN	True	1.0	Not yet recruiting	MONDO_0100096	COVID-19	ClinicalTrials: https://clinicaltrials.gov/study/NCT04730895; ClinicalTrials: https://clinicaltrials.gov/study/NCT04382950
CHEMBL38	TRETINOIN	True	1.0	Completed	MONDO_0020077	myelodysplastic/myeloproliferative disease	ClinicalTrials: https://clinicaltrials.gov/study/NCT00006239
CHEMBL1265	ADAPALENE	True	1.0	Completed	MP_0001845	inflammation	ClinicalTrials: https://clinicaltrials.gov/study/NCT00719121
CHEMBL1657	TAZAROTENE	True	0.5	Completed	EFO_0000676	psoriasis	ClinicalTrials: https://clinicaltrials.gov/study/NCT05282771
CHEMBL38	TRETINOIN	True	0.5	Recruiting	EFO_0003758	autism	ClinicalTrials: https://clinicaltrials.gov/study/NCT05281965
CHEMBL1265	ADAPALENE	True	0.5	Not yet recruiting	EFO_0003894	acne	ClinicalTrials: https://clinicaltrials.gov/study/NCT05582434
CHEMBL38	TRETINOIN	True	0.5	Completed	EFO_0003894	acne	ClinicalTrials: https://clinicaltrials.gov/study/NCT04883736; ClinicalTrials: https://clinicaltrials.gov/study/NCT03427554; ClinicalTrials: https://clinicaltrials.gov/study/NCT02620813; ClinicalTrials: https://clinicaltrials.gov/study/NCT03433378; ClinicalTrials: https://clinicaltrials.gov/study/NCT04724473
CHEMBL547	ISOTRETINOIN	True	0.5	Completed	EFO_0003894	acne	ClinicalTrials: https://clinicaltrials.gov/study/NCT02620813
CHEMBL38	TRETINOIN	True	0.5	Completed	EFO_0003963	freckles	ClinicalTrials: https://clinicaltrials.gov/study/NCT03392623
CHEMBL547	ISOTRETINOIN	True	0.5	Not yet recruiting	EFO_0003894	acne	ClinicalTrials: https://clinicaltrials.gov/study/NCT06225570
CHEMBL1265	ADAPALENE	True	0.5	Completed	EFO_0003894	acne	ClinicalTrials: https://clinicaltrials.gov/study/NCT04797793
CHEMBL1265	ADAPALENE	True	0.5	Withdrawn	EFO_1002023	plantar wart	ClinicalTrials: https://clinicaltrials.gov/study/NCT04823845
CHEMBL38	TRETINOIN	True	0.5	Completed	HP_0003124	Hypercholesterolemia	ClinicalTrials: https://clinicaltrials.gov/study/NCT02497833
CHEMBL38	TRETINOIN	True	0.5	Enrolling by invitation	MONDO_0022113	central centrifugal cicatricial alopecia	ClinicalTrials: https://clinicaltrials.gov/study/NCT03491267
