molecule_chembl_id	best_RARG	best_RARA	best_RARB	activity_score	selectivity_score	total_score
CHEMBL4202830	8.85	6.5	7.4	20	20	40
CHEMBL3936922	9.6	7.22	8.1	20	20	40
CHEMBL3907274	9.6	8.1	8.4	20	20	40
CHEMBL3957342	9.3	8.1	8.1	20	20	40
CHEMBL3939687	9.92	7.22	8.4	20	20	40
CHEMBL3926084	8.1	5.4	6.3	20	20	40
CHEMBL330998	8.1	6.0	5.92	20	20	40
CHEMBL4210595	9.66	7.37	8.42	20	20	40
CHEMBL3931870	9.3	7.22	8.1	20	20	40
CHEMBL77961	8.48	6.16	7.3	20	20	40
CHEMBL336311	8.44	7.08	7.68	20	12	32
CHEMBL350485	8.4	6.89	7.46	20	12	32
CHEMBL3901588	9.3	6.3	8.4	20	12	32
CHEMBL3910072	7.22	5.7	5.1	12	20	32
CHEMBL3945228	9.6	7.52	8.7	20	12	32
CHEMBL5947674	9.28	7.6	8.54	20	12	32
CHEMBL4205733	9.04	7.4	8.17	20	12	32
CHEMBL132033	8.34	7.5	7.41	20	12	32
CHEMBL424190	8.3	6.46	7.6	20	12	32
CHEMBL4210099	8.36	6.47	7.58	20	12	32
CHEMBL4217953	8.22	7.47	7.4	20	12	32
CHEMBL421773	7.28	5.94	5.91	12	20	32
CHEMBL82089	7.19	5.12	6.17	12	20	32
CHEMBL3707313	8.7	6.3	7.82	20	12	32
CHEMBL3960035	8.7	7.52	8.1	20	6	26
CHEMBL3953756	9.0	7.22	8.4	20	6	26
CHEMBL3916016	8.7	7.22	8.1	20	6	26
CHEMBL162345	8.7	8.26	8.15	20	6	26
CHEMBL38	10.4	10.0	9.4	20	6	26
CHEMBL5997757	10.19	8.26	9.52	20	6	26
CHEMBL165629	9.3	8.82	8.7	20	6	26
CHEMBL165417	8.7	7.82	8.22	20	6	26
CHEMBL4216161	8.13			20	5	25
CHEMBL81273	7.12	4.78	6.28	12	12	24
CHEMBL162393	8.7	7.89	8.4	20	3	23
CHEMBL3891815	8.7	6.6	8.4	20	3	23
CHEMBL311269	8.22	6.2	8.0	20	3	23
CHEMBL89241	9.47	8.96	9.15	20	3	23
CHEMBL163530	8.4	8.19	8.19	20	3	23
CHEMBL4206237	8.7	6.67	8.3	20	3	23
CHEMBL3892845	7.52	6.6	6.92	15	6	21
CHEMBL34292	7.92	5.85	7.37	15	6	21
CHEMBL284937	7.64	7.0	7.12	15	6	21
CHEMBL345022	7.57	5.98	7.05	15	6	21
CHEMBL146646	7.7	6.21	7.16	15	6	21
CHEMBL349018	8.3	6.83	8.22	20	0	20
CHEMBL349935	8.52	6.87	8.4	20	0	20
CHEMBL285179	9.4	7.62	9.3	20	0	20
CHEMBL4207786	7.82			15	5	20
CHEMBL80271	8.52	7.77	8.52	20	0	20
CHEMBL36768	8.7	8.28	8.52	20	0	20
CHEMBL75048	6.83	6.09		8	12	20
CHEMBL165843	8.4	7.52	8.3	20	0	20
CHEMBL1235644	9.05	8.92	8.73	20	0	20
CHEMBL5940771	8.64	8.03	8.51	20	0	20
CHEMBL131850	8.7	8.62	8.35	20	0	20
CHEMBL76313	8.4	6.87	8.4	20	0	20
CHEMBL12585	9.4	7.96	9.4	20	0	20
CHEMBL2385268	8.12	8.03	8.12	20	0	20
CHEMBL1180	7.31	5.19	6.65	12	6	18
CHEMBL93538	7.82	6.16	7.54	15	3	18
CHEMBL97080	7.34	6.43	6.85	12	6	18
CHEMBL131810	7.77	6.89	7.44	15	3	18
CHEMBL75848	7.72	6.31	7.44	15	3	18
CHEMBL4217018	7.33			12	5	17
CHEMBL4214493	7.22			12	5	17
CHEMBL4212684	7.07			12	5	17
CHEMBL80992	6.09	5.12	5.39	4	12	16
CHEMBL35136	7.41	6.13	7.14	12	3	15
CHEMBL5928608	7.77	7.17	7.77	15	0	15
CHEMBL340495	6.64	6.1	6.11	8	6	14
CHEMBL305760	6.55			8	5	13
CHEMBL4205304	6.55			8	5	13
CHEMBL4211195	6.78			8	5	13
CHEMBL4215630	6.92			8	5	13
CHEMBL93577	7.47	6.68	7.34	12	0	12
CHEMBL348449	7.07	6.08	6.98	12	0	12
CHEMBL383634	5.58	4.66	4.62	0	12	12
CHEMBL125587	7.08	6.21	6.96	12	0	12
CHEMBL146449	7.02	6.34	6.98	12	0	12
CHEMBL69091	6.7	6.25	6.47	8	3	11
CHEMBL5818566	8.22	7.75	8.57	20	-10	10
CHEMBL451835	9.22	9.22	9.52	20	-10	10
CHEMBL4449668	8.08	7.8	8.66	20	-10	10
CHEMBL309282	8.52	6.93	8.92	20	-10	10
CHEMBL44478	8.22	6.99	8.48	20	-10	10
CHEMBL4439399	8.28	7.72	8.6	20	-10	10
CHEMBL4438880	8.2	7.52	8.47	20	-10	10
CHEMBL5890168	8.21	7.72	8.29	20	-10	10
CHEMBL5946099	8.17	7.77	8.72	20	-10	10
CHEMBL5877402	8.47	7.58	8.7	20	-10	10
CHEMBL5967033	8.33	7.7	8.37	20	-10	10
CHEMBL4215021	8.1		7.89	20	-10	10
CHEMBL457775	8.0		8.0	20	-10	10
CHEMBL441231	8.85	7.82	9.4	20	-10	10
CHEMBL6032942	8.08	7.58	8.09	20	-10	10
CHEMBL705	9.1	9.0	9.3	20	-10	10
CHEMBL1265	8.52	7.66	8.7	20	-10	10
CHEMBL69367	8.0	9.52	8.07	20	-10	10
CHEMBL418570	8.64	9.0	8.37	20	-10	10
CHEMBL151870	8.0	6.87	8.7	20	-10	10
CHEMBL78587	8.12	7.14	8.77	20	-10	10
CHEMBL25088	9.0		8.0	20	-10	10
CHEMBL275311	8.7	9.74	9.3	20	-10	10
CHEMBL358145	8.52	8.7	8.7	20	-10	10
CHEMBL82716	8.89	7.17	8.96	20	-10	10
CHEMBL308170	6.28	5.83		4	6	10
CHEMBL3894222	6.1			4	5	9
CHEMBL66228	6.15			4	5	9
CHEMBL4203950	6.38			4	5	9
CHEMBL80820	6.89	5.64	6.77	8	0	8
CHEMBL3954703	6.92	6.92	6.6	8	0	8
CHEMBL139536	6.82	6.65	6.0	8	0	8
CHEMBL96184	6.58	6.03	6.52	8	0	8
CHEMBL5888315	7.66	6.82	8.09	15	-10	5
CHEMBL423503	5.73			0	5	5
CHEMBL5862926	7.96	7.5	8.38	15	-10	5
CHEMBL5820942	7.6	7.36	8.28	15	-10	5
CHEMBL5833730	7.75	7.11	7.8	15	-10	5
CHEMBL5801049	7.6	7.21	8.05	15	-10	5
CHEMBL93571				0	5	5
CHEMBL155474	7.72	7.4	8.0	15	-10	5
CHEMBL5799955	7.75	7.24	8.0	15	-10	5
CHEMBL313647	5.0			0	5	5
CHEMBL3218921	5.89			0	5	5
CHEMBL421748				0	5	5
CHEMBL5840509	7.92	7.64	8.54	15	-10	5
CHEMBL5861416	7.89	7.19	8.44	15	-10	5
CHEMBL5957972	7.75	7.25	8.13	15	-10	5
CHEMBL328507				0	5	5
CHEMBL93128				0	5	5
CHEMBL107555				0	5	5
CHEMBL92798				0	5	5
CHEMBL5913925	7.54	6.87	7.94	15	-10	5
CHEMBL5941402	7.64	7.22	8.1	15	-10	5
CHEMBL5935299	7.72	6.68	7.85	15	-10	5
CHEMBL4212472	7.96	7.96	8.6	15	-10	5
CHEMBL131925	7.57	7.72	8.6	15	-10	5
CHEMBL420808				0	5	5
CHEMBL5873579	7.64	7.35	7.89	15	-10	5
CHEMBL5899376	7.96	7.92	8.7	15	-10	5
CHEMBL134375	7.68	9.35	7.0	15	-10	5
CHEMBL430616	7.7	7.24	8.4	15	-10	5
CHEMBL430651				0	5	5
CHEMBL163223	7.75	7.89	7.89	15	-10	5
CHEMBL454138				0	5	5
CHEMBL157160	7.57	7.24	7.75	15	-10	5
CHEMBL4459692	7.96	7.58	8.71	15	-10	5
CHEMBL4469143	7.6	7.05	7.85	15	-10	5
CHEMBL3931161	5.14			0	5	5
CHEMBL3933686				0	5	5
CHEMBL39344	7.52	7.57	7.82	15	-10	5
CHEMBL3933815	5.25			0	5	5
CHEMBL3934863	7.52	8.4	8.4	15	-10	5
CHEMBL3938404	5.42			0	5	5
CHEMBL3929988				0	5	5
CHEMBL3928131	5.96			0	5	5
CHEMBL3938602				0	5	5
CHEMBL3938989				0	5	5
CHEMBL3947182				0	5	5
CHEMBL3943864				0	5	5
CHEMBL3942787	5.36			0	5	5
CHEMBL3942648				0	5	5
CHEMBL3940207	5.11			0	5	5
CHEMBL3939711				0	5	5
CHEMBL414218	5.0			0	5	5
CHEMBL3982499	5.24			0	5	5
CHEMBL3983082				0	5	5
CHEMBL3986751	5.08			0	5	5
CHEMBL4203742	7.66	7.23	8.07	15	-10	5
CHEMBL420249	5.0			0	5	5
CHEMBL3977048				0	5	5
CHEMBL3977144	5.85			0	5	5
CHEMBL196409				0	5	5
CHEMBL3950318	5.38			0	5	5
CHEMBL3951072	7.52	6.6	8.1	15	-10	5
CHEMBL3951385	5.57			0	5	5
CHEMBL3956929	5.17			0	5	5
CHEMBL3956564				0	5	5
CHEMBL3957141	5.17			0	5	5
CHEMBL4226421				0	5	5
CHEMBL4226803				0	5	5
CHEMBL107554				0	5	5
CHEMBL92447				0	5	5
CHEMBL92487	5.39			0	5	5
CHEMBL92243				0	5	5
CHEMBL92050	5.07			0	5	5
CHEMBL91979				0	5	5
CHEMBL92430	5.0			0	5	5
CHEMBL329334	5.0			0	5	5
CHEMBL91779	5.0			0	5	5
CHEMBL315986	5.6			0	5	5
CHEMBL314745				0	5	5
CHEMBL326673				0	5	5
CHEMBL325592				0	5	5
CHEMBL328072				0	5	5
CHEMBL93246				0	5	5
CHEMBL86663	7.58	7.14	8.3	15	-10	5
CHEMBL88740	5.0			0	5	5
CHEMBL89331	7.62	7.23	7.77	15	-10	5
CHEMBL3920663				0	5	5
CHEMBL1237061				0	5	5
CHEMBL7301				0	5	5
CHEMBL6005408	7.85	7.58	8.37	15	-10	5
CHEMBL3922245				0	5	5
CHEMBL219916				0	5	5
CHEMBL3911834				0	5	5
CHEMBL3905660	5.39			0	5	5
CHEMBL3896717				0	5	5
CHEMBL3911731				0	5	5
CHEMBL3913238	5.12			0	5	5
CHEMBL3920454	5.21			0	5	5
CHEMBL3917164				0	5	5
CHEMBL3813807				0	5	5
CHEMBL3813702				0	5	5
CHEMBL264746				0	5	5
CHEMBL3814574				0	5	5
CHEMBL3814385				0	5	5
CHEMBL3814015				0	5	5
CHEMBL3813975				0	5	5
CHEMBL74826	7.89	6.89	7.92	15	-10	5
CHEMBL356326	7.54	6.38	7.77	15	-10	5
CHEMBL91185	5.0			0	5	5
CHEMBL90824	5.0			0	5	5
CHEMBL90254	5.0			0	5	5
CHEMBL118754	7.52	6.38	7.75	15	-10	5
CHEMBL3912204				0	5	5
CHEMBL3915908				0	5	5
CHEMBL3914641				0	5	5
CHEMBL88931	5.0			0	5	5
CHEMBL110195				0	5	5
CHEMBL110921				0	5	5
CHEMBL290478				0	5	5
CHEMBL843	5.0			0	5	5
CHEMBL111589	7.77	7.4	8.1	15	-10	5
CHEMBL74331	7.5	8.51	7.96	15	-10	5
CHEMBL3948459	5.46			0	5	5
CHEMBL3948265				0	5	5
CHEMBL3947885	5.35			0	5	5
CHEMBL3976477	5.04			0	5	5
CHEMBL3972391				0	5	5
CHEMBL3968165	5.85			0	5	5
CHEMBL3967961	5.72			0	5	5
CHEMBL3961289				0	5	5
CHEMBL3979349				0	5	5
CHEMBL3923672				0	5	5
CHEMBL2220442				0	5	5
CHEMBL3924898				0	5	5
CHEMBL3924764				0	5	5
CHEMBL3929358				0	5	5
CHEMBL3929577				0	5	5
CHEMBL298373	6.31	5.89	6.3	4	0	4
CHEMBL144058	5.06	4.55	4.68	0	3	3
CHEMBL152740	7.01	6.64	7.14	12	-10	2
CHEMBL153974	7.17	6.56	7.29	12	-10	2
CHEMBL5831550	7.08	7.04	7.17	12	-10	2
CHEMBL5831421	7.26	6.89	7.64	12	-10	2
CHEMBL156940	7.46	6.99	7.54	12	-10	2
CHEMBL91718	7.43		7.64	12	-10	2
CHEMBL5835788	7.38	6.82	7.77	12	-10	2
CHEMBL5837674	7.22	7.04	7.35	12	-10	2
CHEMBL5798215	7.33	6.75	7.62	12	-10	2
CHEMBL156903	7.38	6.83	7.48	12	-10	2
CHEMBL146636	7.47		6.8	12	-10	2
CHEMBL156997	7.24	7.36	7.54	12	-10	2
CHEMBL157272	7.09	7.07	7.28	12	-10	2
CHEMBL550796	7.4	7.82	7.4	12	-10	2
CHEMBL468608	7.04		7.58	12	-10	2
CHEMBL73321	7.33	7.35	7.4	12	-10	2
CHEMBL36464	7.11		7.68	12	-10	2
CHEMBL346703	7.29	7.42	7.85	12	-10	2
CHEMBL346202	7.44	7.22	7.8	12	-10	2
CHEMBL25361	7.4	6.24	7.89	12	-10	2
CHEMBL284264	7.46	6.62	8.3	12	-10	2
CHEMBL82609	7.02	5.66	7.37	12	-10	2
CHEMBL75741	7.27		7.44	12	-10	2
CHEMBL284167	7.04	6.0	7.68	12	-10	2
CHEMBL84681	7.16			12	-10	2
CHEMBL89253	7.0		5.5	12	-10	2
CHEMBL357917	7.14	6.16	7.68	12	-10	2
CHEMBL5931168	7.11	7.33	7.89	12	-10	2
CHEMBL4207978	7.17			12	-10	2
CHEMBL5905886	7.24	7.04	7.7	12	-10	2
CHEMBL1657	7.4	7.2	9.1	12	-10	2
CHEMBL4562084	7.08	6.94	7.96	12	-10	2
CHEMBL5862215	7.24	6.65	7.55	12	-10	2
CHEMBL4224900	7.0	8.09	7.96	12	-10	2
CHEMBL423954	7.03	6.75	7.68	12	-10	2
CHEMBL5940856	7.44	6.8	7.8	12	-10	2
CHEMBL5941968	7.4	7.04	8.4	12	-10	2
CHEMBL4216904	7.29		5.78	12	-10	2
CHEMBL87147	5.82	5.68	5.82	0	0	0
CHEMBL92284	6.84			8	-10	-2
CHEMBL5919236	6.89	7.14	7.96	8	-10	-2
CHEMBL5901116	6.85	6.82	7.39	8	-10	-2
CHEMBL133725	6.51	8.66	6.64	8	-10	-2
CHEMBL512879	6.85	7.82	7.25	8	-10	-2
CHEMBL524687	6.8	5.7	7.4	8	-10	-2
CHEMBL5639513	6.51	8.34	7.12	8	-10	-2
CHEMBL424636	6.57		6.82	8	-10	-2
CHEMBL4226389	6.96	7.11	7.11	8	-10	-2
CHEMBL5830474	6.96	6.85	7.8	8	-10	-2
CHEMBL32505	6.82	6.47	7.13	8	-10	-2
CHEMBL147937	6.98	6.89	7.7	8	-10	-2
CHEMBL147545	6.82	5.3	7.05	8	-10	-2
CHEMBL5816018	6.85	6.82	7.39	8	-10	-2
CHEMBL148231	6.92		6.18	8	-10	-2
CHEMBL5647012	6.89		7.68	8	-10	-2
CHEMBL155421	6.77	7.05	7.96	8	-10	-2
CHEMBL109581	6.72	8.4	8.0	8	-10	-2
CHEMBL308967	6.58		6.55	8	-10	-2
CHEMBL310047	6.68			8	-10	-2
CHEMBL328481	6.7		6.66	8	-10	-2
CHEMBL74218	6.7		5.45	8	-10	-2
CHEMBL21518	6.7	5.96	6.72	8	-10	-2
CHEMBL75732	6.76	6.12	7.15	8	-10	-2
CHEMBL36718	6.68	6.26	7.7	8	-10	-2
CHEMBL25038	6.66		6.13	8	-10	-2
CHEMBL357603	6.82		6.54	8	-10	-2
CHEMBL306999	6.7		6.0	8	-10	-2
CHEMBL346429	6.59	6.04	6.79	8	-10	-2
CHEMBL345298	6.8	5.95	7.58	8	-10	-2
CHEMBL337003	6.82			8	-10	-2
CHEMBL1023	6.89	8.22	7.3	8	-10	-2
CHEMBL109847	6.92	7.85	7.51	8	-10	-2
CHEMBL428708	6.0			4	-10	-6
CHEMBL4226012	6.42	7.09	6.87	4	-10	-6
CHEMBL198997	6.3	6.2	8.1	4	-10	-6
CHEMBL422490	6.41		6.81	4	-10	-6
CHEMBL4226854	6.07	7.05	7.92	4	-10	-6
CHEMBL37672	6.4		6.37	4	-10	-6
CHEMBL330593	6.4		6.47	4	-10	-6
CHEMBL40007	6.26		5.96	4	-10	-6
CHEMBL191703	6.3	6.2	8.0	4	-10	-6
CHEMBL34464	6.48	5.96	6.85	4	-10	-6
CHEMBL312233	6.45		6.25	4	-10	-6
CHEMBL4210286	6.45		6.61	4	-10	-6
CHEMBL326911	6.46	8.7	7.35	4	-10	-6
CHEMBL342051	6.07	5.07	6.68	4	-10	-6
CHEMBL25202	6.23	8.19	7.52	4	-10	-6
CHEMBL472238	6.2		7.4	4	-10	-6
CHEMBL5640022	6.25	6.85	7.6	4	-10	-6
CHEMBL155325	6.39	5.98	6.56	4	-10	-6
CHEMBL146092	6.37	5.19	7.44	4	-10	-6
CHEMBL78835	6.4	5.19	6.6	4	-10	-6
CHEMBL120759	6.34	5.64	6.5	4	-10	-6
CHEMBL119781	6.47		6.24	4	-10	-6
CHEMBL89581	6.41	6.13	6.86	4	-10	-6
CHEMBL93628	6.01		5.7	4	-10	-6
CHEMBL93518	6.4		6.54	4	-10	-6
CHEMBL92926	6.43	5.57	7.68	4	-10	-6
CHEMBL99073				0	-10	-10
CHEMBL986				0	-10	-10
CHEMBL98580				0	-10	-10
CHEMBL98564				0	-10	-10
CHEMBL98263				0	-10	-10
CHEMBL98249				0	-10	-10
CHEMBL98218				0	-10	-10
CHEMBL98172	5.79	8.4	5.68	0	-10	-10
CHEMBL98142				0	-10	-10
CHEMBL97910				0	-10	-10
CHEMBL97769				0	-10	-10
CHEMBL97692				0	-10	-10
CHEMBL95700				0	-10	-10
CHEMBL101712				0	-10	-10
CHEMBL312198				0	-10	-10
CHEMBL3114305				0	-10	-10
CHEMBL3114304				0	-10	-10
CHEMBL3114303				0	-10	-10
CHEMBL3114302				0	-10	-10
CHEMBL3114301				0	-10	-10
CHEMBL3114300				0	-10	-10
CHEMBL3114299				0	-10	-10
CHEMBL3114298				0	-10	-10
CHEMBL3114297		5.89		0	-10	-10
CHEMBL3114296		5.58		0	-10	-10
CHEMBL3114295				0	-10	-10
CHEMBL97690				0	-10	-10
CHEMBL101609	5.84		6.36	0	-10	-10
CHEMBL101661				0	-10	-10
CHEMBL326855				0	-10	-10
CHEMBL326766				0	-10	-10
CHEMBL324960				0	-10	-10
CHEMBL323626				0	-10	-10
CHEMBL3217923				0	-10	-10
CHEMBL3217922				0	-10	-10
CHEMBL319127				0	-10	-10
CHEMBL318916				0	-10	-10
CHEMBL318479				0	-10	-10
CHEMBL317873		8.36	5.52	0	-10	-10
CHEMBL317063				0	-10	-10
CHEMBL316336			5.97	0	-10	-10
CHEMBL313742	5.89		5.7	0	-10	-10
CHEMBL312737				0	-10	-10
CHEMBL312395	5.75		6.09	0	-10	-10
CHEMBL334428		5.7		0	-10	-10
CHEMBL334330			6.17	0	-10	-10
CHEMBL3319093				0	-10	-10
CHEMBL331642		6.1	7.04	0	-10	-10
CHEMBL3314593				0	-10	-10
CHEMBL3314592				0	-10	-10
CHEMBL330403				0	-10	-10
CHEMBL329955				0	-10	-10
CHEMBL329802				0	-10	-10
CHEMBL3289660				0	-10	-10
CHEMBL3289659				0	-10	-10
CHEMBL3289658				0	-10	-10
CHEMBL3289657				0	-10	-10
CHEMBL3289363				0	-10	-10
CHEMBL328419			5.65	0	-10	-10
CHEMBL3114291				0	-10	-10
CHEMBL311113				0	-10	-10
CHEMBL310790		6.37		0	-10	-10
CHEMBL3105681				0	-10	-10
CHEMBL3098858				0	-10	-10
CHEMBL3098773				0	-10	-10
CHEMBL3098771				0	-10	-10
CHEMBL309469	5.36	4.96	5.89	0	-10	-10
CHEMBL308883				0	-10	-10
CHEMBL3355255				0	-10	-10
CHEMBL3355254				0	-10	-10
CHEMBL3355253				0	-10	-10
CHEMBL3355252				0	-10	-10
CHEMBL3355251				0	-10	-10
CHEMBL335242		5.33	5.22	0	-10	-10
CHEMBL334534		6.01	6.5	0	-10	-10
CHEMBL3400678		6.96		0	-10	-10
CHEMBL3400677		7.19		0	-10	-10
CHEMBL339298			5.09	0	-10	-10
CHEMBL337859		6.05	6.5	0	-10	-10
CHEMBL337855			6.54	0	-10	-10
CHEMBL337719			5.32	0	-10	-10
CHEMBL337393			5.71	0	-10	-10
CHEMBL336365				0	-10	-10
CHEMBL336147				0	-10	-10
CHEMBL336086			5.08	0	-10	-10
CHEMBL335762				0	-10	-10
CHEMBL335751				0	-10	-10
CHEMBL3355256				0	-10	-10
CHEMBL3114294				0	-10	-10
CHEMBL3114293				0	-10	-10
CHEMBL3114292				0	-10	-10
CHEMBL291034				0	-10	-10
CHEMBL290761		5.08		0	-10	-10
CHEMBL290399				0	-10	-10
CHEMBL290246				0	-10	-10
CHEMBL289057				0	-10	-10
CHEMBL288436	5.0	5.81	5.0	0	-10	-10
CHEMBL347437				0	-10	-10
CHEMBL347411				0	-10	-10
CHEMBL344973		7.03	7.82	0	-10	-10
CHEMBL344122		5.05		0	-10	-10
CHEMBL341704				0	-10	-10
CHEMBL3414623				0	-10	-10
CHEMBL340555			5.39	0	-10	-10
CHEMBL340074				0	-10	-10
CHEMBL265051				0	-10	-10
CHEMBL26295				0	-10	-10
CHEMBL26129	5.7	5.3	5.75	0	-10	-10
CHEMBL25337		7.85		0	-10	-10
CHEMBL25244				0	-10	-10
CHEMBL359912				0	-10	-10
CHEMBL3596632				0	-10	-10
CHEMBL3580916				0	-10	-10
CHEMBL357015	5.7	6.0		0	-10	-10
CHEMBL348635				0	-10	-10
CHEMBL348310				0	-10	-10
CHEMBL308377		5.24	5.21	0	-10	-10
CHEMBL305419				0	-10	-10
CHEMBL305115				0	-10	-10
CHEMBL297022				0	-10	-10
CHEMBL294346				0	-10	-10
CHEMBL2398376				0	-10	-10
CHEMBL3787627				0	-10	-10
CHEMBL3787323				0	-10	-10
CHEMBL3786581				0	-10	-10
CHEMBL3774855				0	-10	-10
CHEMBL37708		5.85	6.66	0	-10	-10
CHEMBL374910				0	-10	-10
CHEMBL374478				0	-10	-10
CHEMBL373364	5.92	7.96	8.15	0	-10	-10
CHEMBL371684			7.6	0	-10	-10
CHEMBL365798			7.2	0	-10	-10
CHEMBL280140			7.77	0	-10	-10
CHEMBL277626				0	-10	-10
CHEMBL277168				0	-10	-10
CHEMBL27226		7.1		0	-10	-10
CHEMBL387639		4.0		0	-10	-10
CHEMBL3814815				0	-10	-10
CHEMBL381434	4.66	8.0	6.87	0	-10	-10
CHEMBL24966				0	-10	-10
CHEMBL247920				0	-10	-10
CHEMBL241861				0	-10	-10
CHEMBL2398385				0	-10	-10
CHEMBL2398384				0	-10	-10
CHEMBL2398383				0	-10	-10
CHEMBL2398382				0	-10	-10
CHEMBL2398381				0	-10	-10
CHEMBL2398380				0	-10	-10
CHEMBL2398379				0	-10	-10
CHEMBL2398378				0	-10	-10
CHEMBL2398377				0	-10	-10
CHEMBL2398372				0	-10	-10
CHEMBL2398371				0	-10	-10
CHEMBL2398370				0	-10	-10
CHEMBL2398369				0	-10	-10
CHEMBL2398368				0	-10	-10
CHEMBL2398367				0	-10	-10
CHEMBL2398366				0	-10	-10
CHEMBL2398365				0	-10	-10
CHEMBL2398364				0	-10	-10
CHEMBL2398363				0	-10	-10
CHEMBL2398362				0	-10	-10
CHEMBL2398361				0	-10	-10
CHEMBL2398360				0	-10	-10
CHEMBL39206				0	-10	-10
CHEMBL388283		4.7	4.05	0	-10	-10
CHEMBL388064				0	-10	-10
CHEMBL2398359				0	-10	-10
CHEMBL2398358				0	-10	-10
CHEMBL2398357				0	-10	-10
CHEMBL2398356				0	-10	-10
CHEMBL2398355				0	-10	-10
CHEMBL2398354				0	-10	-10
CHEMBL2398353				0	-10	-10
CHEMBL2396673				0	-10	-10
CHEMBL2385269	5.57	6.57	6.58	0	-10	-10
CHEMBL2376840				0	-10	-10
CHEMBL2372524				0	-10	-10
CHEMBL2332887				0	-10	-10
CHEMBL219801				0	-10	-10
CHEMBL2398375				0	-10	-10
CHEMBL2398374				0	-10	-10
CHEMBL2398373				0	-10	-10
CHEMBL1961797				0	-10	-10
CHEMBL2153725				0	-10	-10
CHEMBL2115168				0	-10	-10
CHEMBL2114394				0	-10	-10
CHEMBL2114142				0	-10	-10
CHEMBL2113737				0	-10	-10
CHEMBL2113736				0	-10	-10
CHEMBL2111535				0	-10	-10
CHEMBL2111534				0	-10	-10
CHEMBL2103772	5.02			0	-10	-10
CHEMBL210372				0	-10	-10
CHEMBL209145				0	-10	-10
CHEMBL208819				0	-10	-10
CHEMBL205627		6.33	4.5	0	-10	-10
CHEMBL2048501				0	-10	-10
CHEMBL2021517				0	-10	-10
CHEMBL404108				0	-10	-10
CHEMBL2021516				0	-10	-10
CHEMBL2021515				0	-10	-10
CHEMBL20066		7.51		0	-10	-10
CHEMBL199974				0	-10	-10
CHEMBL19894				0	-10	-10
CHEMBL198794			7.8	0	-10	-10
CHEMBL198467			7.3	0	-10	-10
CHEMBL198362				0	-10	-10
CHEMBL19834				0	-10	-10
CHEMBL197499				0	-10	-10
CHEMBL197292			7.8	0	-10	-10
CHEMBL19727				0	-10	-10
CHEMBL197194				0	-10	-10
CHEMBL183509				0	-10	-10
CHEMBL183400				0	-10	-10
CHEMBL182565				0	-10	-10
CHEMBL182393				0	-10	-10
CHEMBL4174856				0	-10	-10
CHEMBL41742		5.16		0	-10	-10
CHEMBL4170032				0	-10	-10
CHEMBL41675		5.07		0	-10	-10
CHEMBL415449	5.96	5.64	6.6	0	-10	-10
CHEMBL414233				0	-10	-10
CHEMBL41422				0	-10	-10
CHEMBL41260				0	-10	-10
CHEMBL41146		5.14		0	-10	-10
CHEMBL408	4.77		4.54	0	-10	-10
CHEMBL4077016				0	-10	-10
CHEMBL4066332				0	-10	-10
CHEMBL419166	5.99	5.54	6.4	0	-10	-10
CHEMBL41890				0	-10	-10
CHEMBL417769				0	-10	-10
CHEMBL417520		5.22		0	-10	-10
CHEMBL1961796				0	-10	-10
CHEMBL19530				0	-10	-10
CHEMBL1946170	5.05			0	-10	-10
CHEMBL191275				0	-10	-10
CHEMBL189565				0	-10	-10
CHEMBL189191				0	-10	-10
CHEMBL188699			5.11	0	-10	-10
CHEMBL188638				0	-10	-10
CHEMBL188331			5.28	0	-10	-10
CHEMBL188026			4.75	0	-10	-10
CHEMBL187836				0	-10	-10
CHEMBL1773359				0	-10	-10
CHEMBL1773358				0	-10	-10
CHEMBL1773357				0	-10	-10
CHEMBL1773356				0	-10	-10
CHEMBL1773355				0	-10	-10
CHEMBL1773354				0	-10	-10
CHEMBL1773353				0	-10	-10
CHEMBL1773352				0	-10	-10
CHEMBL1773351				0	-10	-10
CHEMBL1773075				0	-10	-10
CHEMBL4211827				0	-10	-10
CHEMBL4211171				0	-10	-10
CHEMBL421				0	-10	-10
CHEMBL4202767				0	-10	-10
CHEMBL419713				0	-10	-10
CHEMBL424269		5.56	5.64	0	-10	-10
CHEMBL423654		6.43	6.85	0	-10	-10
CHEMBL423465				0	-10	-10
CHEMBL42314	5.0	7.27	5.33	0	-10	-10
CHEMBL422607		5.95	6.59	0	-10	-10
CHEMBL422088	5.06	5.17	5.41	0	-10	-10
CHEMBL4217784				0	-10	-10
CHEMBL180440				0	-10	-10
CHEMBL1778373	4.72			0	-10	-10
CHEMBL1773363				0	-10	-10
CHEMBL1773362				0	-10	-10
CHEMBL1773361				0	-10	-10
CHEMBL1773360				0	-10	-10
CHEMBL1668778				0	-10	-10
CHEMBL1668777				0	-10	-10
CHEMBL1668776				0	-10	-10
CHEMBL1668775				0	-10	-10
CHEMBL1668774				0	-10	-10
CHEMBL1668773				0	-10	-10
CHEMBL164176			7.06	0	-10	-10
CHEMBL43238				0	-10	-10
CHEMBL432261				0	-10	-10
CHEMBL432140				0	-10	-10
CHEMBL430677				0	-10	-10
CHEMBL428			4.64	0	-10	-10
CHEMBL426963				0	-10	-10
CHEMBL425027		5.6	6.9	0	-10	-10
CHEMBL424639		5.33	5.58	0	-10	-10
CHEMBL4459695				0	-10	-10
CHEMBL445634				0	-10	-10
CHEMBL4454057				0	-10	-10
CHEMBL44420		5.75		0	-10	-10
CHEMBL443832				0	-10	-10
CHEMBL4437844				0	-10	-10
CHEMBL4435919				0	-10	-10
CHEMBL442636				0	-10	-10
CHEMBL442016			6.7	0	-10	-10
CHEMBL441638				0	-10	-10
CHEMBL439780		8.4	5.19	0	-10	-10
CHEMBL433178				0	-10	-10
CHEMBL432592		7.4	6.85	0	-10	-10
CHEMBL176252				0	-10	-10
CHEMBL1735595				0	-10	-10
CHEMBL1671971				0	-10	-10
CHEMBL4549663				0	-10	-10
CHEMBL4549060				0	-10	-10
CHEMBL4546094				0	-10	-10
CHEMBL4540025				0	-10	-10
CHEMBL4515368				0	-10	-10
CHEMBL451039				0	-10	-10
CHEMBL448905				0	-10	-10
CHEMBL4476449				0	-10	-10
CHEMBL4476213				0	-10	-10
CHEMBL4473917				0	-10	-10
CHEMBL447382				0	-10	-10
CHEMBL4467778				0	-10	-10
CHEMBL4467078				0	-10	-10
CHEMBL4466509				0	-10	-10
CHEMBL4466322				0	-10	-10
CHEMBL4463668				0	-10	-10
CHEMBL160			5.22	0	-10	-10
CHEMBL159168				0	-10	-10
CHEMBL159167				0	-10	-10
CHEMBL158065				0	-10	-10
CHEMBL158064				0	-10	-10
CHEMBL157398				0	-10	-10
CHEMBL157333				0	-10	-10
CHEMBL157101			5.48	0	-10	-10
CHEMBL4583953				0	-10	-10
CHEMBL458326				0	-10	-10
CHEMBL4577891				0	-10	-10
CHEMBL457645				0	-10	-10
CHEMBL4560899				0	-10	-10
CHEMBL455992				0	-10	-10
CHEMBL4555929				0	-10	-10
CHEMBL4552760				0	-10	-10
CHEMBL469322			6.6	0	-10	-10
CHEMBL469281			7.2	0	-10	-10
CHEMBL468623		6.28		0	-10	-10
CHEMBL468607				0	-10	-10
CHEMBL467748				0	-10	-10
CHEMBL463996				0	-10	-10
CHEMBL4638567				0	-10	-10
CHEMBL4637834				0	-10	-10
CHEMBL4633499				0	-10	-10
CHEMBL46229				0	-10	-10
CHEMBL462134		5.35		0	-10	-10
CHEMBL459680				0	-10	-10
CHEMBL4584238				0	-10	-10
CHEMBL162334				0	-10	-10
CHEMBL160622				0	-10	-10
CHEMBL160376				0	-10	-10
CHEMBL476348				0	-10	-10
CHEMBL472476			7.2	0	-10	-10
CHEMBL99325				0	-10	-10
CHEMBL472236			6.2	0	-10	-10
CHEMBL472213			7.0	0	-10	-10
CHEMBL472172		6.94		0	-10	-10
CHEMBL472032			7.0	0	-10	-10
CHEMBL471423			6.0	0	-10	-10
CHEMBL471422			7.1	0	-10	-10
CHEMBL471421			6.9	0	-10	-10
CHEMBL471197			6.9	0	-10	-10
CHEMBL471196				0	-10	-10
CHEMBL470588			7.2	0	-10	-10
CHEMBL470587			7.0	0	-10	-10
CHEMBL470464				0	-10	-10
CHEMBL469323			7.5	0	-10	-10
CHEMBL506417				0	-10	-10
CHEMBL495	4.75		4.64	0	-10	-10
CHEMBL491294				0	-10	-10
CHEMBL4862605				0	-10	-10
CHEMBL4855847				0	-10	-10
CHEMBL4849999				0	-10	-10
CHEMBL48353				0	-10	-10
CHEMBL481273				0	-10	-10
CHEMBL481272				0	-10	-10
CHEMBL4792252		6.96		0	-10	-10
CHEMBL478938		5.77		0	-10	-10
CHEMBL478653				0	-10	-10
CHEMBL4783205				0	-10	-10
CHEMBL476971				0	-10	-10
CHEMBL476598				0	-10	-10
CHEMBL476349				0	-10	-10
CHEMBL521			5.12	0	-10	-10
CHEMBL5188201				0	-10	-10
CHEMBL517514		6.77		0	-10	-10
CHEMBL516652				0	-10	-10
CHEMBL514274				0	-10	-10
CHEMBL514057				0	-10	-10
CHEMBL513760		5.8	7.7	0	-10	-10
CHEMBL513560				0	-10	-10
CHEMBL513434				0	-10	-10
CHEMBL512710				0	-10	-10
CHEMBL511855			6.09	0	-10	-10
CHEMBL510735				0	-10	-10
CHEMBL5084377				0	-10	-10
CHEMBL508378				0	-10	-10
CHEMBL5077503				0	-10	-10
CHEMBL507489				0	-10	-10
CHEMBL5415710				0	-10	-10
CHEMBL5415488				0	-10	-10
CHEMBL5406315				0	-10	-10
CHEMBL5405956				0	-10	-10
CHEMBL5405485				0	-10	-10
CHEMBL5404648				0	-10	-10
CHEMBL5403200				0	-10	-10
CHEMBL5401472				0	-10	-10
CHEMBL5396467				0	-10	-10
CHEMBL535				0	-10	-10
CHEMBL53449				0	-10	-10
CHEMBL5290209				0	-10	-10
CHEMBL5287875		5.36		0	-10	-10
CHEMBL5284921				0	-10	-10
CHEMBL522936				0	-10	-10
CHEMBL521955				0	-10	-10
CHEMBL563805				0	-10	-10
CHEMBL56367				0	-10	-10
CHEMBL563488				0	-10	-10
CHEMBL56337				0	-10	-10
CHEMBL560351				0	-10	-10
CHEMBL5565773				0	-10	-10
CHEMBL5561101				0	-10	-10
CHEMBL554740				0	-10	-10
CHEMBL5532117				0	-10	-10
CHEMBL5433310				0	-10	-10
CHEMBL5432412				0	-10	-10
CHEMBL5425250				0	-10	-10
CHEMBL5420532				0	-10	-10
CHEMBL5418573				0	-10	-10
CHEMBL5417169				0	-10	-10
CHEMBL5417085				0	-10	-10
CHEMBL151672			6.45	0	-10	-10
CHEMBL150691				0	-10	-10
CHEMBL5646569	5.82	5.96		0	-10	-10
CHEMBL5646471		6.28	6.76	0	-10	-10
CHEMBL564563				0	-10	-10
CHEMBL5641884				0	-10	-10
CHEMBL5641860				0	-10	-10
CHEMBL5641823				0	-10	-10
CHEMBL5641574			6.08	0	-10	-10
CHEMBL5641562		5.82		0	-10	-10
CHEMBL564037				0	-10	-10
CHEMBL5640026				0	-10	-10
CHEMBL100131				0	-10	-10
CHEMBL5640017				0	-10	-10
CHEMBL5639386			6.14	0	-10	-10
CHEMBL5639172				0	-10	-10
CHEMBL575324				0	-10	-10
CHEMBL565088				0	-10	-10
CHEMBL5647594				0	-10	-10
CHEMBL5647354				0	-10	-10
CHEMBL5647256				0	-10	-10
CHEMBL5647148				0	-10	-10
CHEMBL5647040				0	-10	-10
CHEMBL5646931			6.46	0	-10	-10
CHEMBL5646902				0	-10	-10
CHEMBL1569487				0	-10	-10
CHEMBL156929				0	-10	-10
CHEMBL156696				0	-10	-10
CHEMBL156356				0	-10	-10
CHEMBL156299				0	-10	-10
CHEMBL100261				0	-10	-10
CHEMBL1545045				0	-10	-10
CHEMBL132568		5.6	5.7	0	-10	-10
CHEMBL132488				0	-10	-10
CHEMBL1324			4.58	0	-10	-10
CHEMBL583996				0	-10	-10
CHEMBL583410				0	-10	-10
CHEMBL150583				0	-10	-10
CHEMBL149366				0	-10	-10
CHEMBL1487				0	-10	-10
CHEMBL148327	5.83	6.52	7.58	0	-10	-10
CHEMBL1481				0	-10	-10
CHEMBL147845	5.21			0	-10	-10
CHEMBL1478023				0	-10	-10
CHEMBL1476397				0	-10	-10
CHEMBL147335				0	-10	-10
CHEMBL100327				0	-10	-10
CHEMBL57765		4.7		0	-10	-10
CHEMBL130231		5.18	5.27	0	-10	-10
CHEMBL130230				0	-10	-10
CHEMBL129976				0	-10	-10
CHEMBL129887			5.1	0	-10	-10
CHEMBL1292				0	-10	-10
CHEMBL593229				0	-10	-10
CHEMBL593006				0	-10	-10
CHEMBL5918147			8.0	0	-10	-10
CHEMBL145911				0	-10	-10
CHEMBL1410398				0	-10	-10
CHEMBL139				0	-10	-10
CHEMBL1381178				0	-10	-10
CHEMBL134834		5.8	6.09	0	-10	-10
CHEMBL133915		5.34	5.67	0	-10	-10
CHEMBL133896				0	-10	-10
CHEMBL133176			5.25	0	-10	-10
CHEMBL603			4.89	0	-10	-10
CHEMBL60090				0	-10	-10
CHEMBL60089				0	-10	-10
CHEMBL596483				0	-10	-10
CHEMBL596482				0	-10	-10
CHEMBL596255				0	-10	-10
CHEMBL596254				0	-10	-10
CHEMBL594859				0	-10	-10
CHEMBL131826		5.43	5.33	0	-10	-10
CHEMBL1316				0	-10	-10
CHEMBL131561				0	-10	-10
CHEMBL131122				0	-10	-10
CHEMBL130577			5.69	0	-10	-10
CHEMBL130374		5.34	5.67	0	-10	-10
CHEMBL130317				0	-10	-10
CHEMBL130232			5.44	0	-10	-10
CHEMBL1214702				0	-10	-10
CHEMBL121				0	-10	-10
CHEMBL1209173				0	-10	-10
CHEMBL6966				0	-10	-10
CHEMBL691				0	-10	-10
CHEMBL64771				0	-10	-10
CHEMBL64391				0	-10	-10
CHEMBL64222				0	-10	-10
CHEMBL63048		7.24		0	-10	-10
CHEMBL62880				0	-10	-10
CHEMBL62537				0	-10	-10
CHEMBL62258				0	-10	-10
CHEMBL62047		7.03		0	-10	-10
CHEMBL611941				0	-10	-10
CHEMBL609865				0	-10	-10
CHEMBL609307				0	-10	-10
CHEMBL78535				0	-10	-10
CHEMBL75814				0	-10	-10
CHEMBL75527	5.99	5.24	7.05	0	-10	-10
CHEMBL75311				0	-10	-10
CHEMBL75133				0	-10	-10
CHEMBL73973				0	-10	-10
CHEMBL71893				0	-10	-10
CHEMBL715	5.0			0	-10	-10
CHEMBL1272				0	-10	-10
CHEMBL1221642				0	-10	-10
CHEMBL1221641				0	-10	-10
CHEMBL1221640				0	-10	-10
CHEMBL1221639				0	-10	-10
CHEMBL1215791				0	-10	-10
CHEMBL1214704				0	-10	-10
CHEMBL1214703				0	-10	-10
CHEMBL118693				0	-10	-10
CHEMBL118307				0	-10	-10
CHEMBL118268				0	-10	-10
CHEMBL1171681				0	-10	-10
CHEMBL116886				0	-10	-10
CHEMBL116859				0	-10	-10
CHEMBL115763				0	-10	-10
CHEMBL115558				0	-10	-10
CHEMBL115164				0	-10	-10
CHEMBL81978				0	-10	-10
CHEMBL81176	5.58	7.54	7.26	0	-10	-10
CHEMBL80934				0	-10	-10
CHEMBL80424				0	-10	-10
CHEMBL80236	5.89		6.2	0	-10	-10
CHEMBL79234	5.94		6.47	0	-10	-10
CHEMBL100332				0	-10	-10
CHEMBL112715				0	-10	-10
CHEMBL112	4.58			0	-10	-10
CHEMBL111983				0	-10	-10
CHEMBL111911				0	-10	-10
CHEMBL111217		5.08	5.25	0	-10	-10
CHEMBL111				0	-10	-10
CHEMBL89058				0	-10	-10
CHEMBL88216				0	-10	-10
CHEMBL86893	5.57		5.72	0	-10	-10
CHEMBL833				0	-10	-10
CHEMBL82943				0	-10	-10
CHEMBL1209170				0	-10	-10
CHEMBL1209109				0	-10	-10
CHEMBL1082	5.04		4.75	0	-10	-10
CHEMBL120210		6.66	7.39	0	-10	-10
CHEMBL97421				0	-10	-10
CHEMBL107430		8.52		0	-10	-10
CHEMBL107054	5.25	8.52		0	-10	-10
CHEMBL107039				0	-10	-10
CHEMBL106527	5.25	8.15	5.83	0	-10	-10
CHEMBL1064				0	-10	-10
CHEMBL92394	5.75		6.09	0	-10	-10
CHEMBL92096	5.16	5.22		0	-10	-10
CHEMBL90674				0	-10	-10
CHEMBL101302				0	-10	-10
CHEMBL115050				0	-10	-10
CHEMBL114880				0	-10	-10
CHEMBL114390				0	-10	-10
CHEMBL114319				0	-10	-10
CHEMBL113975				0	-10	-10
CHEMBL113865				0	-10	-10
CHEMBL113864				0	-10	-10
CHEMBL100439				0	-10	-10
CHEMBL97263				0	-10	-10
CHEMBL97049				0	-10	-10
CHEMBL97045				0	-10	-10
CHEMBL96961				0	-10	-10
CHEMBL96829				0	-10	-10
CHEMBL95953				0	-10	-10
CHEMBL95949				0	-10	-10
CHEMBL95844				0	-10	-10
CHEMBL95828				0	-10	-10
CHEMBL95773				0	-10	-10
CHEMBL101666				0	-10	-10
CHEMBL101212				0	-10	-10
CHEMBL100986				0	-10	-10
CHEMBL100623				0	-10	-10
CHEMBL97689				0	-10	-10
CHEMBL957				0	-10	-10
CHEMBL95261				0	-10	-10
CHEMBL95238				0	-10	-10
CHEMBL93985				0	-10	-10
CHEMBL93848				0	-10	-10
CHEMBL95646				0	-10	-10
CHEMBL97668				0	-10	-10
CHEMBL99074				0	-10	-10
CHEMBL110002				0	-10	-10
CHEMBL109993				0	-10	-10
CHEMBL101308	5.69		5.86	0	-10	-10
CHEMBL109785				0	-10	-10
CHEMBL109539				0	-10	-10
CHEMBL109283				0	-10	-10
CHEMBL108402				0	-10	-10
CHEMBL102039				0	-10	-10
